{"stat.useItem.minecraft.chain_command_block":353,"stat.useItem.minecraft.quartz_block":431,"stat.leaveGame":31,"stat.drop.minecraft.gunpowder":6,"stat.drop.minecraft.redstone":7,"stat.useItem.minecraft.repeating_command_block":18,"stat.killEntity.Blaze":6,"stat.useItem.minecraft.glowstone":250,"stat.drop.minecraft.shield":1,"stat.drop.minecraft.trapdoor":66,"stat.drop.minecraft.skull":89,"stat.useItem.minecraft.planks":83,"stat.useItem.minecraft.nether_brick_stairs":272,"stat.useItem.minecraft.golden_shovel":96,"stat.drop.minecraft.coal_block":102,"stat.useItem.minecraft.pink_shulker_box":19,"stat.useItem.minecraft.water_bucket":47,"stat.drop.minecraft.redstone_torch":77,"stat.pickup.minecraft.rotten_flesh":10,"stat.pickup.minecraft.hardened_clay":1,"stat.useItem.minecraft.sandstone_stairs":26,"stat.pickup.minecraft.splash_potion":1,"stat.pickup.minecraft.brick_block":5,"stat.useItem.minecraft.red_nether_brick":43,"stat.drop.minecraft.brick_block":3,"stat.useItem.minecraft.purpur_stairs":15,"stat.drop.minecraft.hardened_clay":6,"stat.pickup.minecraft.bucket":443,"stat.killEntity.Enderman":2,"stat.drop.minecraft.splash_potion":3,"stat.pickup.minecraft.leather_boots":9,"stat.drop.minecraft.jukebox":1,"stat.useItem.minecraft.anvil":1,"stat.useItem.minecraft.ender_pearl":18,"stat.drop.minecraft.sand":3,"stat.killEntity.MushroomCow":1,"stat.killEntity.Villager":33,"stat.drop.minecraft.tnt":967,"stat.drop.minecraft.sandstone_stairs":1,"stat.pickup.minecraft.stained_hardened_clay":2,"stat.useItem.minecraft.spawn_egg":145,"stat.trappedChestTriggered":181,"stat.useItem.minecraft.hardened_clay":65,"stat.furnaceInteraction":1,"stat.drop.minecraft.diamond_block":7,"stat.drop.minecraft.red_flower":2,"stat.drop.minecraft.stone_slab":5,"stat.pickup.minecraft.beef":8,"stat.useItem.minecraft.redstone":213,"stat.drop.minecraft.stained_hardened_clay":23,"stat.drop.minecraft.pink_shulker_box":3,"stat.pickup.minecraft.totem_of_undying":3,"stat.drop.minecraft.cactus":17,"stat.pickup.minecraft.leather_helmet":10,"stat.useItem.minecraft.blue_shulker_box":5,"stat.useItem.minecraft.trapdoor":18,"stat.useItem.minecraft.stained_glass":3661,"stat.drop.minecraft.magma":2,"stat.useItem.minecraft.fence":48,"stat.useItem.minecraft.stone_stairs":98,"stat.pickup.minecraft.skull":20,"stat.drop.minecraft.stone_pressure_plate":245,"stat.drop.minecraft.furnace":1,"stat.useItem.minecraft.dark_oak_door":2,"stat.drop.minecraft.prismarine_shard":8,"stat.useItem.minecraft.ice":7,"achievement.openInventory":1916,"stat.useItem.minecraft.flint_and_steel":17,"stat.useItem.minecraft.wooden_button":11,"stat.killEntity.Husk":1,"stat.drop.minecraft.fireworks":427,"stat.useItem.minecraft.dye":8,"stat.pickup.minecraft.lever":1152,"stat.deaths":9,"stat.drop.minecraft.chain_command_block":86,"stat.playOneMinute":7075467,"stat.useItem.minecraft.nether_brick":266,"stat.pickup.minecraft.diamond_block":1,"stat.pickup.minecraft.item_frame":240,"stat.drop.minecraft.chest":4,"stat.pickup.minecraft.dispenser":1729,"stat.useItem.minecraft.jukebox":5,"stat.chestOpened":272,"stat.useItem.minecraft.splash_potion":23,"stat.useItem.minecraft.stone":3507,"stat.drop.minecraft.packed_ice":1,"stat.useItem.minecraft.sponge":39,"stat.useItem.minecraft.clay":37,"stat.drop.minecraft.banner":1,"stat.useItem.minecraft.packed_ice":733,"stat.fallOneCm":5883,"stat.drop.minecraft.stone":15,"stat.drop.minecraft.dye":2,"stat.useItem.minecraft.trapped_chest":41,"stat.crouchOneCm":23896,"stat.useItem.minecraft.black_shulker_box":3,"stat.craftItem.minecraft.banner":5,"stat.useItem.minecraft.emerald_ore":1,"stat.craftingTableInteraction":7,"stat.drop.minecraft.stained_glass_pane":19,"stat.drop.minecraft.milk_bucket":1,"stat.pickup.minecraft.comparator":1152,"stat.pickup.minecraft.repeater":1154,"stat.useItem.minecraft.dark_oak_fence":16,"stat.drop.minecraft.bone":8,"stat.useItem.minecraft.furnace":15,"stat.pickup.minecraft.slime":1152,"stat.drop.minecraft.spruce_fence":1,"stat.useItem.minecraft.enchanting_table":3,"stat.pickup.minecraft.pink_shulker_box":2,"stat.useItem.minecraft.wool":5532,"stat.useItem.minecraft.iron_bars":158,"stat.pickup.minecraft.flint_and_steel":3,"stat.useItem.minecraft.bone_block":75,"stat.useItem.minecraft.torch":6,"stat.pickup.minecraft.golden_apple":422,"stat.drop.minecraft.stone_brick_stairs":3,"stat.drop.minecraft.rotten_flesh":10,"stat.useItem.minecraft.log":17,"stat.useItem.minecraft.comparator":9,"stat.useItem.minecraft.cobblestone":122,"stat.useItem.minecraft.gravel":10,"stat.killEntity.LavaSlime":1,"stat.useItem.minecraft.golden_hoe":1,"stat.pickup.minecraft.redstone_block":1091,"stat.useItem.minecraft.nether_wart_block":137,"stat.drop.minecraft.sign":38,"stat.drop.minecraft.stonebrick":15,"stat.drop.minecraft.planks":3,"stat.drop.minecraft.lapis_block":1,"stat.useItem.minecraft.fireworks":4,"stat.drop.minecraft.clay":3,"stat.pickup.minecraft.coal_block":233,"stat.drop.minecraft.fish":8,"stat.drop.minecraft.trapped_chest":18,"stat.pickup.minecraft.carrot_on_a_stick":1,"stat.killEntity.PolarBear":6,"stat.useItem.minecraft.barrier":1373,"stat.useItem.minecraft.stonebrick":5970,"stat.useItem.minecraft.monster_egg":4,"stat.pickup.minecraft.red_flower":1,"stat.drop.minecraft.bone_block":1,"stat.sneakTime":92849,"stat.pickup.minecraft.wool":9,"stat.drop.minecraft.sea_lantern":3,"stat.pickup.minecraft.stone_slab":1152,"stat.drop.minecraft.grass":3,"stat.useItem.minecraft.web":8,"stat.drop.minecraft.observer":1,"stat.useItem.minecraft.lapis_block":6,"stat.pickup.minecraft.bone":8,"stat.pickup.minecraft.redstone_torch":1159,"stat.pickup.minecraft.stone_pressure_plate":245,"stat.useItem.minecraft.repeater":220,"stat.useItem.minecraft.beacon":6,"stat.drop.minecraft.leather_helmet":1,"stat.drop.minecraft.beacon":1,"stat.useItem.minecraft.skull":21,"stat.drop.minecraft.prismarine_crystals":4,"stat.pickup.minecraft.leather_chestplate":10,"stat.useItem.minecraft.diamond_sword":111,"stat.swimOneCm":5608,"stat.climbOneCm":14692,"stat.drop.minecraft.sticky_piston":2,"stat.useItem.minecraft.end_rod":7,"stat.useItem.minecraft.coal_block":2843,"stat.useItem.minecraft.redstone_torch":254,"stat.useItem.minecraft.obsidian":109,"stat.pickup.minecraft.sticky_piston":1152,"stat.useItem.minecraft.dirt":161,"achievement.exploreAllBiomes":{"value":0,"progress":["The Void"]},"stat.useItem.minecraft.red_flower":5,"stat.drop.minecraft.ender_pearl":4,"stat.drop.minecraft.quartz_stairs":1,"stat.useItem.minecraft.spruce_fence_gate":2,"stat.drop.minecraft.fence":3,"stat.useItem.minecraft.brick_block":178,"stat.flyOneCm":15941391,"stat.killEntity.ZombieHorse":1,"stat.pickup.minecraft.chain_command_block":2,"stat.pickup.minecraft.fish":8,"stat.pickup.minecraft.cactus":24,"stat.pickup.minecraft.redstone":3463,"stat.timeSinceDeath":2801,"stat.useItem.minecraft.sign":151,"stat.drop.minecraft.log":1,"stat.useItem.minecraft.wooden_slab":20,"stat.pickup.minecraft.mutton":9,"stat.drop.minecraft.repeater":6,"stat.useItem.minecraft.noteblock":14,"stat.useItem.minecraft.totem_of_undying":1,"stat.useItem.minecraft.lever":15,"stat.pickup.minecraft.stonebrick":3335,"stat.drop.minecraft.stained_glass":30,"stat.drop.minecraft.flint_and_steel":4,"stat.drop.minecraft.dirt":1,"stat.pickup.minecraft.trapdoor":206,"stat.drop.minecraft.wool":20,"stat.pickup.minecraft.shield":1,"stat.killEntity.Creeper":1,"stat.talkedToVillager":2,"stat.drop.minecraft.spawn_egg":821,"stat.drop.minecraft.bedrock":12,"stat.drop.minecraft.redstone_lamp":3,"stat.useItem.minecraft.sea_lantern":747,"stat.useItem.minecraft.milk_bucket":6,"stat.drop.minecraft.obsidian":2,"stat.drop.minecraft.birch_fence":1,"stat.useItem.minecraft.spruce_fence":11,"stat.useItem.minecraft.written_book":10,"stat.sprintOneCm":1078815,"stat.useItem.minecraft.diamond_block":100,"stat.drop.minecraft.leather":5,"stat.drop.minecraft.dark_oak_door":1,"stat.useItem.minecraft.stone_slab":1051,"stat.drop.minecraft.carrot_on_a_stick":2,"stat.pickup.minecraft.fireworks":427,"stat.useItem.minecraft.structure_block":121,"stat.useItem.minecraft.stone_pressure_plate":2,"stat.killEntity.Endermite":2,"stat.drop.minecraft.lava_bucket":2,"stat.drop.minecraft.dispenser":2,"stat.drop.minecraft.golden_apple":64,"stat.pickup.minecraft.leather_leggings":7,"stat.drop.minecraft.cobblestone_wall":1,"stat.pickup.minecraft.spawn_egg":3272,"stat.drop":628,"stat.pickup.minecraft.stone_button":684,"stat.killEntity.Sheep":7,"stat.useItem.minecraft.banner":25,"stat.useItem.minecraft.ladder":89,"stat.useItem.minecraft.purpur_block":100,"stat.drop.minecraft.redstone_block":8,"stat.diveOneCm":2514,"stat.useItem.minecraft.structure_void":52,"stat.useItem.minecraft.sticky_piston":8,"stat.drop.minecraft.black_shulker_box":2,"stat.drop.minecraft.dark_oak_fence":2,"stat.pickup.minecraft.sign":2,"stat.useItem.minecraft.quartz_stairs":190,"stat.pickup.minecraft.obsidian":2,"stat.pickup.minecraft.stained_glass_pane":57,"stat.useItem.minecraft.stained_glass_pane":241,"stat.pickup.minecraft.diamond_sword":2,"stat.useItem.minecraft.flower_pot":2,"stat.useItem.minecraft.bedrock":1526,"stat.drop.minecraft.sandstone":1,"stat.jump":2905,"stat.useItem.minecraft.sand":216,"stat.useItem.minecraft.iron_trapdoor":6,"stat.killEntity.SkeletonHorse":1,"stat.pickup.minecraft.fence":1152,"stat.pickup.minecraft.black_shulker_box":1,"stat.useItem.minecraft.piston":12,"stat.drop.minecraft.diamond_sword":5,"stat.pickup.minecraft.gunpowder":6,"stat.useItem.minecraft.stone_button":28,"stat.drop.minecraft.glowstone":1,"stat.drop.minecraft.glass":1,"stat.drop.minecraft.structure_block":23,"stat.useItem.minecraft.glass":58,"stat.useItem.minecraft.dispenser":144,"stat.drop.minecraft.enchanting_table":1,"stat.drop.minecraft.barrier":6,"stat.useItem.minecraft.sapling":2,"stat.pickup.minecraft.command_block":1,"stat.useItem.minecraft.redstone_lamp":142,"stat.drop.minecraft.gold_block":1,"stat.pickup.minecraft.cookie":1124,"stat.damageTaken":1660,"stat.pickup.minecraft.leather":5,"stat.useItem.minecraft.stone_brick_stairs":581,"stat.useItem.minecraft.end_crystal":4,"stat.useItem.minecraft.gold_block":381,"stat.dispenserInspected":100,"stat.pickup.minecraft.dark_oak_fence":1,"stat.drop.minecraft.stone_button":131,"stat.pickup.minecraft.prismarine_shard":10,"stat.drop.minecraft.water_bucket":2,"stat.useItem.minecraft.carrot_on_a_stick":91,"stat.noteblockTuned":558,"stat.pickup.minecraft.prismarine_crystals":5,"stat.useItem.minecraft.birch_fence":12,"stat.useItem.minecraft.magma":1118,"stat.damageDealt":7189,"stat.useItem.minecraft.snow_layer":6,"stat.killEntity.Silverfish":5,"stat.useItem.minecraft.crafting_table":4,"stat.drop.minecraft.emerald_block":3,"stat.pickup.minecraft.piston":1152,"stat.useItem.minecraft.command_block":244,"stat.walkOneCm":1164952,"stat.useItem.minecraft.chest":60,"stat.drop.minecraft.item_frame":71,"stat.drop.minecraft.noteblock":1,"stat.useItem.minecraft.observer":88,"stat.useItem.minecraft.tnt":105,"stat.useItem.minecraft.emerald_block":71,"stat.useItem.minecraft.lava_bucket":79,"stat.useItem.minecraft.redstone_block":138,"stat.pickup.minecraft.tnt":9717,"stat.useItem.minecraft.item_frame":21,"stat.drop.minecraft.leather_chestplate":1,"stat.shulkerBoxOpened":11,"stat.useItem.minecraft.spruce_stairs":3,"stat.pickup.minecraft.stone":2,"stat.useItem.minecraft.stained_hardened_clay":4884,"stat.pickup.minecraft.ender_pearl":3,"stat.useItem.minecraft.leaves":4,"stat.drop.minecraft.command_block":17,"stat.drop.minecraft.wooden_slab":1,"stat.useItem.minecraft.cactus":213,"stat.pickup.minecraft.ladder":1153,"stat.useItem.minecraft.netherrack":17,"stat.drop.minecraft.purpur_block":2,"stat.drop.minecraft.lever":2,"stat.drop.minecraft.cookie":1,"stat.drop.minecraft.crafting_table":2,"stat.mineBlock.minecraft.redstone_torch":1,"stat.drop.minecraft.nether_wart_block":2,"stat.mobKills":67,"stat.drop.minecraft.repeating_command_block":5,"stat.drop.minecraft.written_book":2,"stat.pickup.minecraft.water_bucket":29,"stat.useItem.minecraft.cobblestone_wall":160,"stat.drop.minecraft.spruce_stairs":1,"stat.useItem.minecraft.writable_book":24,"stat.drop.minecraft.quartz_block":4,"stat.drop.minecraft.beef":8,"stat.useItem.minecraft.purpur_slab":17,"stat.useItem.minecraft.sandstone":185}