{"stat.crouchOneCm":469,"stat.craftItem.minecraft.chest_minecart":1,"stat.useItem.minecraft.diamond_pickaxe":2,"stat.craftItem.minecraft.emerald":28,"stat.craftItem.minecraft.iron_helmet":1,"achievement.exploreAllBiomes":{"value":0,"progress":["Birch Forest M","Desert","Mesa Plateau F","Mesa (Bryce)","Deep Ocean","Mesa","River","Hell"]},"stat.craftItem.minecraft.iron_sword":1,"stat.craftItem.minecraft.iron_pickaxe":1,"stat.craftItem.minecraft.iron_chestplate":1,"stat.mineBlock.minecraft.sandstone":2,"stat.craftItem.minecraft.chest":1,"achievement.openInventory":12,"stat.craftItem.minecraft.torch":36,"stat.craftItem.minecraft.minecart":12,"stat.craftItem.minecraft.iron_leggings":1,"stat.talkedToVillager":18,"stat.useItem.minecraft.rail":35,"stat.fallOneCm":1319,"stat.flyOneCm":170253,"stat.mineBlock.minecraft.rail":3,"stat.climbOneCm":29826,"stat.useItem.minecraft.cooked_chicken":1,"stat.timeSinceDeath":23087899,"stat.leaveGame":37,"stat.craftItem.minecraft.iron_shovel":1,"stat.craftItem.minecraft.iron_ingot":180,"stat.useItem.minecraft.chest_minecart":2,"stat.craftItem.minecraft.iron_axe":1,"stat.playOneMinute":23087899,"stat.useItem.minecraft.stone_slab":3,"stat.craftItem.minecraft.bucket":2,"stat.jump":345,"stat.useItem.minecraft.bucket":1,"stat.walkOneCm":591658,"stat.craftItem.minecraft.planks":8,"stat.craftItem.minecraft.iron_boots":1,"stat.useItem.minecraft.sandstone":2,"stat.sprintOneCm":101914,"stat.useItem.minecraft.dirt":2,"stat.tradedWithVillager":28}