{"stat.mineBlock.minecraft.stonebrick":35,"stat.useItem.minecraft.nether_wart":125,"stat.useItem.minecraft.fence_gate":73,"stat.mineBlock.minecraft.netherrack":4574,"stat.useItem.minecraft.stone_button":99,"stat.mineBlock.minecraft.glass":569,"stat.useItem.minecraft.minecart":186,"stat.useItem.minecraft.iron_shovel":517,"stat.useItem.minecraft.item_frame":125,"stat.craftItem.minecraft.minecart":67,"stat.crouchOneCm":1947853,"stat.useItem.minecraft.shears":440,"stat.mineBlock.minecraft.red_mushroom":1,"stat.mineBlock.minecraft.yellow_flower":20,"stat.craftItem.minecraft.brewing_stand":2,"stat.breakItem.minecraft.iron_shovel":2,"stat.craftItem.minecraft.golden_rail":132,"stat.useItem.minecraft.chest":706,"stat.mineBlock.minecraft.furnace":48,"stat.craftItem.minecraft.coal_block":657,"stat.useItem.minecraft.iron_bars":11,"stat.craftItem.minecraft.glass_bottle":102,"stat.killEntity.Sheep":6,"stat.useItem.minecraft.cobblestone":4913,"stat.craftItem.minecraft.iron_sword":2,"stat.mineBlock.minecraft.birch_fence_gate":2,"stat.breakItem.minecraft.iron_axe":2,"stat.craftItem.minecraft.arrow":36,"stat.craftItem.minecraft.item_frame":94,"stat.useItem.minecraft.dark_oak_stairs":110,"achievement.openInventory":9085,"stat.useItem.minecraft.stained_glass":3553,"stat.mineBlock.minecraft.redstone_block":6,"stat.killEntity.Cow":325,"stat.mineBlock.minecraft.web":26,"stat.breakItem.minecraft.stone_sword":22,"stat.useItem.minecraft.stained_glass_pane":629,"stat.killEntity.Ghast":2,"stat.craftItem.minecraft.birch_fence_gate":7,"stat.mineBlock.minecraft.stained_glass":730,"stat.useItem.minecraft.log":261,"stat.craftItem.minecraft.iron_chestplate":3,"stat.craftItem.minecraft.acacia_fence_gate":25,"stat.craftItem.minecraft.iron_door":9,"stat.useItem.minecraft.red_mushroom":3,"stat.mineBlock.minecraft.acacia_fence":55,"stat.craftItem.minecraft.furnace":21,"stat.mineBlock.minecraft.log":7024,"stat.useItem.minecraft.obsidian":506,"stat.craftItem.minecraft.leather_helmet":1,"stat.craftItem.minecraft.iron_helmet":3,"stat.mineBlock.minecraft.emerald_ore":5,"stat.mineBlock.minecraft.sandstone_stairs":117,"stat.craftItem.minecraft.carpet":273,"stat.useItem.minecraft.brown_mushroom":28,"stat.craftItem.minecraft.stone_pressure_plate":72,"stat.useItem.minecraft.leaves":7,"stat.useItem.minecraft.netherrack":1171,"achievement.acquireIron":116,"stat.useItem.minecraft.red_sandstone":381,"stat.damageDealt":739681,"stat.craftItem.minecraft.prismarine":5054,"stat.useItem.minecraft.fence":198,"stat.craftItem.minecraft.ender_chest":8,"stat.useItem.minecraft.iron_block":98,"stat.killEntity.Bat":32,"stat.mineBlock.minecraft.acacia_stairs":185,"stat.useItem.minecraft.potato":607,"stat.useItem.minecraft.acacia_door":2,"achievement.exploreAllBiomes":{"value":0,"progress":["Extreme Hills M","Desert","JungleEdge","Deep Ocean","Extreme Hills","Mesa Plateau","Ice Mountains","Jungle","Savanna Plateau","DesertHills","MushroomIsland","Birch Forest","Mesa","Savanna","Swampland","River","Extreme Hills+","Mesa Plateau F","Mesa Plateau F M","Ocean","Ice Plains Spikes","Plains","FrozenRiver","Ice Plains","MushroomIslandShore","Hell","Forest","Birch Forest M","Mesa (Bryce)","Beach","Roofed Forest","Savanna Plateau M"]},"stat.mineBlock.minecraft.double_plant":23,"stat.craftItem.minecraft.iron_pickaxe":68,"stat.craftItem.minecraft.flint_and_steel":1,"stat.craftItem.minecraft.diamond_chestplate":5,"stat.useItem.minecraft.melon_block":7,"stat.craftItem.minecraft.wool":11,"stat.mineBlock.minecraft.golden_rail":168,"stat.craftItem.minecraft.enchanting_table":2,"achievement.cookFish":9,"stat.craftItem.minecraft.repeater":375,"stat.useItem.minecraft.glass_pane":300,"stat.useItem.minecraft.anvil":10,"stat.craftItem.minecraft.emerald":5721,"stat.craftItem.minecraft.bed":3,"stat.craftItem.minecraft.wooden_pickaxe":1,"stat.mineBlock.minecraft.sand":32011,"stat.craftItem.minecraft.cooked_chicken":67,"stat.craftItem.minecraft.emerald_block":413,"stat.mineBlock.minecraft.monster_egg":4,"stat.mineBlock.minecraft.sandstone":2001,"stat.mineBlock.minecraft.waterlily":47,"stat.craftItem.minecraft.chest":2019,"stat.mineBlock.minecraft.redstone_torch":253,"stat.useItem.minecraft.wooden_door":190,"stat.useItem.minecraft.brewing_stand":4,"stat.useItem.minecraft.diamond_pickaxe":64243,"stat.useItem.minecraft.packed_ice":581,"stat.craftItem.minecraft.fence_gate":71,"stat.useItem.minecraft.sticky_piston":104,"stat.useItem.minecraft.tnt":159,"stat.craftItem.minecraft.diamond_block":50,"stat.useItem.minecraft.redstone_block":6,"stat.useItem.minecraft.diamond_shovel":43805,"stat.craftItem.minecraft.torch":5372,"stat.breakItem.minecraft.stone_shovel":8,"stat.useItem.minecraft.planks":191,"stat.talkedToVillager":2975,"stat.craftItem.minecraft.ender_eye":8,"achievement.overkill":23,"stat.useItem.minecraft.cooked_chicken":298,"stat.useItem.minecraft.torch":10627,"stat.useItem.minecraft.bed":36,"stat.useItem.minecraft.stone_pickaxe":1339,"stat.craftItem.minecraft.iron_bars":48,"stat.mineBlock.minecraft.gold_ore":377,"stat.craftItem.minecraft.redstone_block":747,"stat.useItem.minecraft.cooked_fish":144,"achievement.buildWorkBench":28,"stat.useItem.minecraft.stone":3100,"stat.craftItem.minecraft.slime":2769,"stat.craftItem.minecraft.diamond_sword":8,"stat.craftItem.minecraft.stone_button":31,"stat.craftItem.minecraft.sandstone_stairs":280,"stat.craftItem.minecraft.snow":38,"stat.craftItem.minecraft.iron_leggings":2,"stat.useItem.minecraft.ladder":2907,"stat.craftItem.minecraft.diamond_leggings":3,"achievement.killCow":272,"stat.useItem.minecraft.redstone":1728,"stat.craftItem.minecraft.writable_book":17,"stat.mineBlock.minecraft.stone_stairs":98,"stat.mineBlock.minecraft.bookshelf":60,"stat.craftItem.minecraft.book":544,"stat.mineBlock.minecraft.slime":3,"stat.mineBlock.minecraft.stone_pressure_plate":78,"stat.mineBlock.minecraft.diamond_ore":214,"stat.craftItem.minecraft.trapped_chest":339,"stat.mineBlock.minecraft.torch":2179,"stat.useItem.minecraft.red_flower":53,"stat.craftItem.minecraft.cooked_beef":228,"stat.useItem.minecraft.milk_bucket":1,"stat.useItem.minecraft.diamond_sword":3974,"stat.craftItem.minecraft.wooden_pressure_plate":9,"stat.mineBlock.minecraft.brown_mushroom":384,"stat.craftItem.minecraft.ladder":1365,"stat.mineBlock.minecraft.carpet":197,"stat.useItem.minecraft.golden_rail":296,"stat.breakItem.minecraft.stone_pickaxe":10,"stat.craftItem.minecraft.lever":67,"stat.useItem.minecraft.rail":1896,"stat.useItem.minecraft.enchanting_table":3,"stat.craftItem.minecraft.quartz_block":32,"stat.useItem.minecraft.redstone_lamp":24,"stat.climbOneCm":5102184,"stat.useItem.minecraft.stone_sword":3262,"achievement.potion":69,"stat.useItem.minecraft.sapling":1749,"stat.drop":1797,"stat.mineBlock.minecraft.sea_lantern":131,"stat.mineBlock.minecraft.anvil":5,"stat.craftItem.minecraft.stone_slab2":768,"stat.fallOneCm":1644320,"stat.craftItem.minecraft.diamond":450,"stat.mineBlock.minecraft.red_sandstone":12,"stat.useItem.minecraft.coal_ore":116,"stat.craftItem.minecraft.sandstone":149,"stat.mineBlock.minecraft.nether_brick":1765,"achievement.buildFurnace":25,"stat.useItem.minecraft.cactus":123,"stat.craftItem.minecraft.coal":3764,"stat.craftItem.minecraft.bread":501,"stat.craftItem.minecraft.cooked_mutton":5,"stat.useItem.minecraft.dispenser":345,"stat.useItem.minecraft.water_bucket":1182,"stat.craftItem.minecraft.stone_axe":2,"stat.useItem.minecraft.wheat_seeds":2983,"stat.mineBlock.minecraft.hopper":384,"achievement.enchantments":1,"stat.useItem.minecraft.acacia_fence_gate":25,"stat.mineBlock.minecraft.rail":988,"stat.useItem.minecraft.stonebrick":185,"stat.mineBlock.minecraft.gold_block":8,"stat.craftItem.minecraft.red_sandstone_stairs":4,"stat.useItem.minecraft.melon_seeds":28,"stat.useItem.minecraft.furnace":66,"stat.useItem.minecraft.birch_door":22,"stat.craftItem.minecraft.acacia_door":3,"stat.useItem.minecraft.trapped_chest":320,"stat.craftItem.minecraft.gold_block":58,"stat.useItem.minecraft.hardened_clay":308,"stat.useItem.minecraft.jungle_door":1,"stat.useItem.minecraft.potion":52,"stat.mineBlock.minecraft.pumpkin":728,"stat.mineBlock.minecraft.red_sandstone_stairs":2,"stat.useItem.minecraft.cooked_mutton":11,"stat.craftItem.minecraft.wooden_button":13,"stat.mineBlock.minecraft.vine":486,"achievement.portal":392,"stat.flyOneCm":8039756,"stat.useItem.minecraft.writable_book":25,"stat.mineBlock.minecraft.chest":262,"stat.craftItem.minecraft.sea_lantern":2033,"achievement.buildPickaxe":130,"stat.mineBlock.minecraft.packed_ice":2871,"stat.mineBlock.minecraft.birch_fence":68,"stat.mineBlock.minecraft.iron_ore":2319,"stat.mineBlock.minecraft.trapped_chest":14,"stat.craftItem.minecraft.glowstone":8,"stat.useItem.minecraft.prismarine":6050,"stat.damageTaken":26484,"stat.mineBlock.minecraft.prismarine":3076,"stat.useItem.minecraft.wooden_pressure_plate":26,"stat.useItem.minecraft.sponge":9155,"stat.craftItem.minecraft.tripwire_hook":376,"stat.mineBlock.minecraft.nether_brick_fence":5,"stat.killEntity.Chicken":6,"stat.useItem.minecraft.dropper":44,"stat.craftItem.minecraft.stone_pickaxe":10,"stat.mineBlock.minecraft.cobblestone":2904,"stat.craftItem.minecraft.redstone_lamp":5,"stat.useItem.minecraft.stained_hardened_clay":4141,"stat.mineBlock.minecraft.iron_bars":5,"stat.useItem.minecraft.dye":1188,"stat.craftItem.minecraft.stained_glass_pane":672,"stat.craftItem.minecraft.leather_boots":1,"stat.craftItem.minecraft.comparator":77,"stat.craftItem.minecraft.melon_seeds":2,"stat.useItem.minecraft.ender_chest":49,"stat.useItem.minecraft.lapis_ore":10,"stat.useItem.minecraft.log2":21,"stat.useItem.minecraft.flint_and_steel":28,"stat.mineBlock.minecraft.enchanting_table":1,"stat.useItem.minecraft.repeater":503,"stat.useItem.minecraft.stone_pressure_plate":86,"stat.craftItem.minecraft.iron_axe":4,"stat.mineBlock.minecraft.wooden_slab":1017,"achievement.makeBread":990,"stat.craftItem.minecraft.piston":161,"stat.breakItem.minecraft.iron_sword":1,"stat.useItem.minecraft.stone_slab":5929,"stat.mineBlock.minecraft.fence":12,"stat.useItem.minecraft.cooked_porkchop":7,"stat.mineBlock.minecraft.melon_block":12,"stat.craftItem.minecraft.leather_chestplate":1,"stat.killEntity.Creeper":193,"stat.craftItem.minecraft.iron_block":1930,"stat.mineBlock.minecraft.planks":21,"stat.craftItem.minecraft.stone_slab":4920,"stat.killEntity.Rabbit":1,"stat.useItem.minecraft.hopper":1579,"stat.leaveGame":671,"stat.craftItem.minecraft.iron_ingot":8545,"stat.craftItem.minecraft.pumpkin_pie":2,"stat.craftItem.minecraft.stone_stairs":116,"stat.useItem.minecraft.leaves2":14,"stat.killEntity.Endermite":1,"stat.useItem.minecraft.iron_trapdoor":8,"stat.mineBlock.minecraft.leaves":3668,"achievement.buildSword":73,"stat.craftItem.minecraft.hopper":1217,"stat.craftItem.minecraft.pumpkin_seeds":28,"stat.craftItem.minecraft.wooden_door":168,"stat.useItem.minecraft.comparator":123,"stat.craftItem.minecraft.iron_trapdoor":5,"stat.craftItem.minecraft.birch_fence":99,"stat.mineBlock.minecraft.sticky_piston":19,"achievement.mineWood":7967,"stat.mineBlock.minecraft.red_flower":61,"stat.mineBlock.minecraft.stone_slab":1561,"stat.useItem.minecraft.iron_axe":575,"stat.craftItem.minecraft.dye":2788,"stat.mineBlock.minecraft.dropper":22,"stat.craftItem.minecraft.nether_brick_fence":288,"stat.craftItem.minecraft.diamond_pickaxe":25,"stat.useItem.minecraft.acacia_fence":375,"stat.useItem.minecraft.stone_shovel":1058,"stat.useItem.minecraft.iron_ore":141,"stat.diveOneCm":14128426,"stat.useItem.minecraft.lever":95,"stat.craftItem.minecraft.bow":211,"stat.useItem.minecraft.soul_sand":24,"stat.killEntity.Slime":1152,"stat.craftItem.minecraft.dispenser":192,"stat.useItem.minecraft.birch_fence_gate":11,"stat.useItem.minecraft.waterlily":30,"stat.useItem.minecraft.nether_brick":17,"stat.craftItem.minecraft.sticky_piston":78,"stat.craftItem.minecraft.nether_brick":257,"stat.useItem.minecraft.bow":1568,"stat.useItem.minecraft.cooked_beef":529,"stat.breakItem.minecraft.diamond_pickaxe":1,"stat.mineBlock.minecraft.crafting_table":77,"stat.mineBlock.minecraft.hardened_clay":2385,"stat.useItem.minecraft.glass_bottle":111,"stat.breakItem.minecraft.diamond_axe":1,"stat.mineBlock.minecraft.cactus":73,"achievement.diamonds":287,"stat.useItem.minecraft.egg":168,"stat.craftItem.minecraft.stonebrick":636,"stat.useItem.minecraft.crafting_table":103,"stat.craftItem.minecraft.red_sandstone":772,"stat.craftItem.minecraft.paper":24090,"stat.breakItem.minecraft.shears":1,"stat.craftItem.minecraft.jungle_door":3,"stat.craftItem.minecraft.bookshelf":141,"stat.useItem.minecraft.stone_hoe":947,"stat.mineBlock.minecraft.obsidian":694,"stat.craftItem.minecraft.dark_oak_stairs":72,"stat.craftItem.minecraft.diamond_boots":5,"stat.killEntity.Enderman":21,"stat.useItem.minecraft.glass":13371,"stat.killEntity.Villager":20,"achievement.buildBetterPickaxe":130,"stat.useItem.minecraft.ender_pearl":15,"stat.mineBlock.minecraft.sapling":149,"stat.timeSinceDeath":42517797,"stat.craftItem.minecraft.cooked_porkchop":16,"stat.useItem.minecraft.gravel":251,"stat.mineBlock.minecraft.leaves2":716,"stat.killEntity.PigZombie":79,"stat.useItem.minecraft.acacia_stairs":469,"stat.craftItem.minecraft.bucket":385,"achievement.buildHoe":9,"stat.useItem.minecraft.nether_brick_fence":199,"stat.craftItem.minecraft.lit_pumpkin":372,"stat.useItem.minecraft.glowstone":46,"stat.craftItem.minecraft.iron_shovel":3,"stat.mineBlock.minecraft.stone_button":50,"stat.useItem.minecraft.reeds":158,"stat.craftItem.minecraft.acacia_fence":303,"achievement.killEnemy":5313,"stat.useItem.minecraft.sand":24366,"stat.craftItem.minecraft.rail":1088,"stat.mineBlock.minecraft.snow_layer":6,"stat.killEntity.LavaSlime":38,"stat.craftItem.minecraft.fence":210,"stat.playOneMinute":42517797,"stat.useItem.minecraft.redstone_torch":544,"stat.craftItem.minecraft.gold_ingot":695,"stat.craftItem.minecraft.fermented_spider_eye":186,"stat.useItem.minecraft.pumpkin_seeds":78,"stat.killEntity.Pig":5,"stat.useItem.minecraft.birch_fence":124,"stat.mineBlock.minecraft.dispenser":154,"stat.useItem.minecraft.gold_ore":14,"stat.killEntity.Spider":81,"stat.mineBlock.minecraft.sponge":2313,"stat.mineBlock.minecraft.soul_sand":133,"stat.craftItem.minecraft.glass":3205,"stat.craftItem.minecraft.stone_shovel":8,"stat.animalsBred":397,"stat.craftItem.minecraft.stick":9204,"stat.craftItem.minecraft.stained_hardened_clay":2720,"stat.craftItem.minecraft.jungle_fence":192,"stat.useItem.minecraft.pumpkin":632,"stat.craftItem.minecraft.acacia_stairs":196,"stat.craftItem.minecraft.wooden_slab":6896,"stat.useItem.minecraft.sandstone":542,"stat.useItem.minecraft.dark_oak_fence":18,"stat.killEntity.Silverfish":4,"stat.mineBlock.minecraft.wooden_button":4,"stat.useItem.minecraft.redstone_ore":43,"stat.useItem.minecraft.stone_axe":272,"stat.mineBlock.minecraft.quartz_ore":209,"stat.mineBlock.minecraft.stone":43096,"stat.mineBlock.minecraft.dirt":11541,"stat.minecartOneCm":10414462,"stat.mineBlock.minecraft.fence_gate":2,"stat.useItem.minecraft.armor_stand":1,"stat.useItem.minecraft.pumpkin_pie":2,"stat.useItem.minecraft.piston":124,"stat.killEntity.Blaze":65,"stat.useItem.minecraft.tallgrass":1,"stat.useItem.minecraft.spawn_egg":24,"stat.craftItem.minecraft.redstone_torch":1291,"stat.mineBlock.minecraft.dark_oak_stairs":50,"stat.craftItem.minecraft.iron_boots":4,"stat.craftItem.minecraft.anvil":5,"stat.craftItem.minecraft.leather_leggings":3,"stat.useItem.minecraft.diamond_axe":11754,"stat.useItem.minecraft.lava_bucket":1002,"stat.useItem.minecraft.slime":20,"stat.mineBlock.minecraft.redstone_lamp":9,"achievement.blazeRod":22,"stat.craftItem.minecraft.dark_oak_fence":36,"stat.useItem.minecraft.carpet":414,"stat.mineBlock.minecraft.glass_pane":174,"stat.useItem.minecraft.wooden_button":16,"stat.breakItem.minecraft.iron_pickaxe":32,"stat.mineBlock.minecraft.ladder":893,"stat.useItem.minecraft.red_sandstone_stairs":4,"stat.mineBlock.minecraft.iron_block":19,"stat.craftItem.minecraft.sign":1134,"stat.useItem.minecraft.vine":505,"stat.mineBlock.minecraft.gravel":6753,"stat.craftItem.minecraft.blaze_powder":12,"stat.mineBlock.minecraft.lever":36,"stat.useItem.minecraft.stone_stairs":109,"stat.mineBlock.minecraft.redstone_ore":1337,"stat.tradedWithVillager":5268,"stat.useItem.minecraft.stone_slab2":1,"stat.useItem.minecraft.wooden_pickaxe":4,"stat.mineBlock.minecraft.ender_chest":41,"stat.killEntity.Squid":119,"stat.craftItem.minecraft.sugar":1024,"stat.useItem.minecraft.sea_lantern":288,"stat.killEntity.CaveSpider":1969,"stat.craftItem.minecraft.compass":1,"stat.breakItem.minecraft.stone_hoe":5,"stat.mineBlock.minecraft.coal_ore":6543,"stat.useItem.minecraft.iron_door":12,"stat.useItem.minecraft.bread":10,"stat.mineBlock.minecraft.log2":1923,"stat.craftItem.minecraft.diamond_axe":7,"stat.mineBlock.minecraft.wooden_pressure_plate":14,"stat.mineBlock.minecraft.tallgrass":636,"stat.craftItem.minecraft.redstone":2790,"stat.craftItem.minecraft.stone_sword":37,"stat.craftItem.minecraft.dropper":26,"stat.useItem.minecraft.iron_sword":288,"stat.mineBlock.minecraft.stone_slab2":1,"achievement.breedCow":280,"stat.craftItem.minecraft.sponge":2269,"stat.craftItem.minecraft.crafting_table":29,"stat.mobKills":6244,"stat.craftItem.minecraft.diamond_shovel":8,"stat.useItem.minecraft.bucket":2884,"stat.craftItem.minecraft.armor_stand":1,"stat.useItem.minecraft.string":9,"stat.killEntity.Zombie":285,"stat.useItem.minecraft.sign":1382,"stat.mineBlock.minecraft.deadbush":32,"stat.useItem.minecraft.bookshelf":200,"stat.craftItem.minecraft.glass_pane":288,"stat.craftItem.minecraft.birch_door":18,"stat.useItem.minecraft.carrot":1098,"stat.useItem.minecraft.trapdoor":145,"stat.killEntity.Guardian":1489,"stat.swimOneCm":3290361,"stat.useItem.minecraft.sandstone_stairs":372,"stat.killEntity.Skeleton":199,"stat.walkOneCm":85811945,"stat.mineBlock.minecraft.lapis_ore":147,"stat.craftItem.minecraft.stone_hoe":9,"stat.jump":82362,"stat.mineBlock.minecraft.stained_hardened_clay":2707,"stat.craftItem.minecraft.stone":2827,"stat.killEntity.Witch":12,"stat.mineBlock.minecraft.piston":60,"stat.craftItem.minecraft.lapis_block":169,"stat.mineBlock.minecraft.snow":47,"stat.craftItem.minecraft.magma_cream":4,"stat.useItem.minecraft.wooden_slab":6825,"stat.mineBlock.minecraft.glowstone":90,"stat.mineBlock.minecraft.stained_glass_pane":34,"stat.craftItem.minecraft.planks":30888,"stat.craftItem.minecraft.trapdoor":76,"stat.craftItem.minecraft.shears":4,"stat.craftItem.minecraft.stained_glass":3400,"stat.craftItem.minecraft.diamond_helmet":2,"stat.craftItem.minecraft.melon_block":254,"stat.craftItem.minecraft.cooked_fish":136,"stat.useItem.minecraft.iron_pickaxe":17093,"stat.breakItem.minecraft.stone_axe":2,"stat.sprintOneCm":11982357,"stat.useItem.minecraft.dirt":11758}