{"stat.useItem.minecraft.bow":5018,"stat.useItem.minecraft.quartz_block":789,"achievement.killWither":12,"stat.drop.minecraft.redstone":1,"stat.mineBlock.minecraft.stained_glass":872,"stat.mineBlock.minecraft.web":1155,"stat.useItem.minecraft.diamond_hoe":1479,"stat.craftItem.minecraft.stone_axe":1,"stat.useItem.minecraft.vine":30,"stat.pickup.minecraft.cobblestone_wall":1,"stat.useItem.minecraft.rail":7101,"stat.killEntity.Enderman":4567,"stat.useItem.minecraft.anvil":104,"stat.mineBlock.minecraft.emerald_block":71,"stat.craftItem.minecraft.iron_shovel":23,"stat.useItem.minecraft.record_strad":4,"achievement.buildPickaxe":15,"stat.mineBlock.minecraft.end_stone":8825,"stat.killEntity.Villager":225,"stat.useItem.minecraft.iron_pickaxe":12854,"stat.drop.minecraft.sandstone_stairs":3,"stat.craftItem.minecraft.glass_pane":336,"stat.useItem.minecraft.hardened_clay":1446,"stat.mineBlock.minecraft.sticky_piston":207,"stat.useItem.minecraft.nether_wart":7792,"stat.useItem.minecraft.golden_carrot":7,"stat.furnaceInteraction":181,"stat.useItem.minecraft.end_stone":3977,"stat.mineBlock.minecraft.wooden_button":40,"stat.useItem.minecraft.red_sandstone":1181,"stat.useItem.minecraft.fence":680,"stat.useItem.minecraft.acacia_fence":1168,"stat.mineBlock.minecraft.sponge":264,"stat.craftItem.minecraft.daylight_detector":8,"stat.useItem.minecraft.cauldron":8,"stat.useItem.minecraft.flint_and_steel":432,"stat.mineBlock.minecraft.fence":308,"stat.mineBlock.minecraft.sea_lantern":1023,"stat.useItem.minecraft.wheat_seeds":1006,"stat.pickup.minecraft.lever":5,"stat.deaths":2,"stat.craftItem.minecraft.item_frame":97,"stat.craftItem.minecraft.wooden_shovel":92,"stat.craftItem.minecraft.iron_pickaxe":4,"stat.craftItem.minecraft.repeater":804,"stat.mineBlock.minecraft.light_weighted_pressure_plate":13,"stat.craftItem.minecraft.cooked_mutton":25,"stat.fishCaught":1809,"stat.chestOpened":8650,"stat.craftItem.minecraft.mossy_cobblestone":168,"stat.useItem.minecraft.lapis_ore":87,"stat.craftItem.minecraft.mushroom_stew":7,"stat.craftItem.minecraft.sign":805,"stat.useItem.minecraft.jungle_fence":69,"stat.craftItem.minecraft.quartz_block":949,"stat.craftItem.minecraft.coal":6710,"stat.craftItem.minecraft.ender_chest":101,"stat.crouchOneCm":7368170,"stat.craftItem.minecraft.diamond":54,"stat.pickup.minecraft.rail":19,"stat.craftItem.minecraft.iron_ingot":20751,"stat.craftingTableInteraction":624,"stat.mineBlock.minecraft.wooden_pressure_plate":38,"stat.mineBlock.minecraft.log2":1634,"stat.useItem.minecraft.dark_oak_fence":329,"achievement.bakeCake":3,"stat.mineBlock.minecraft.jungle_fence":12,"stat.drop.minecraft.carpet":1,"stat.mineBlock.minecraft.ender_chest":331,"stat.mineBlock.minecraft.daylight_detector":2,"stat.flowerPotted":4,"stat.mineBlock.minecraft.activator_rail":12,"stat.useItem.minecraft.jungle_fence_gate":50,"stat.useItem.minecraft.glass_pane":86,"stat.useItem.minecraft.record_mellohi":6,"stat.craftItem.minecraft.bucket":403,"stat.craftItem.minecraft.planks":57168,"stat.useItem.minecraft.iron_sword":111,"stat.mineBlock.minecraft.prismarine":2093,"stat.craftItem.minecraft.dirt":1024,"stat.craftItem.minecraft.fishing_rod":28,"stat.useItem.minecraft.daylight_detector":9,"stat.useItem.minecraft.stonebrick":3448,"stat.craftItem.minecraft.wooden_door":201,"stat.mineBlock.minecraft.waterlily":647,"stat.useItem.minecraft.monster_egg":6,"stat.useItem.minecraft.record_blocks":3,"stat.craftItem.minecraft.spruce_door":3,"stat.mineBlock.minecraft.pumpkin":137,"stat.mineBlock.minecraft.cobblestone":2586,"stat.useItem.minecraft.beacon":78,"stat.craftItem.minecraft.quartz_stairs":340,"stat.mineBlock.minecraft.stained_glass_pane":241,"stat.drop.minecraft.purpur_slab":2,"stat.drop.minecraft.end_bricks":1,"stat.craftItem.minecraft.clock":1,"stat.useItem.minecraft.coal_block":284,"stat.mineBlock.minecraft.dropper":211,"stat.breakItem.minecraft.iron_pickaxe":29,"stat.useItem.minecraft.mob_spawner":3,"stat.useItem.minecraft.stone_slab2":1729,"stat.craftItem.minecraft.furnace":319,"stat.craftItem.minecraft.lapis_block":597,"stat.craftItem.minecraft.iron_boots":3,"stat.mineBlock.minecraft.clay":1403,"stat.mineBlock.minecraft.noteblock":19,"stat.useItem.minecraft.brick_block":41,"stat.useItem.minecraft.melon_block":466,"stat.useItem.minecraft.wooden_slab":9518,"stat.craftItem.minecraft.beacon":12,"stat.useItem.minecraft.iron_door":39,"stat.craftItem.minecraft.iron_block":14644,"stat.craftItem.minecraft.stonebrick":2845,"stat.breakItem.minecraft.diamond_pickaxe":10,"stat.drop.minecraft.stained_glass":3,"stat.drop.minecraft.wool":1,"stat.killEntity.Creeper":511,"stat.useItem.minecraft.armor_stand":6,"stat.craftItem.minecraft.jungle_stairs":68,"stat.drop.minecraft.obsidian":1,"achievement.buildSword":6,"stat.useItem.minecraft.dropper":473,"stat.killEntity.Squid":77,"stat.useItem.minecraft.diamond_block":158,"stat.sprintOneCm":80900358,"stat.useItem.minecraft.hay_block":8,"stat.mineBlock.minecraft.stone_slab":5840,"stat.useItem.minecraft.snowball":81,"stat.craftItem.minecraft.redstone_lamp":1071,"stat.drop.minecraft.cobblestone_wall":1,"stat.useItem.minecraft.cake":3,"stat.useItem.minecraft.banner":35,"stat.craftItem.minecraft.emerald":11166,"stat.killEntity.Zombie":894,"stat.craftItem.minecraft.dye":53800,"stat.craftItem.minecraft.diamond_axe":12,"stat.mineBlock.minecraft.gold_ore":1721,"stat.craftItem.minecraft.slime_ball":702,"stat.craftItem.minecraft.sandstone":908,"stat.mineBlock.minecraft.mossy_cobblestone":192,"stat.craftItem.minecraft.cooked_porkchop":285,"stat.useItem.minecraft.heavy_weighted_pressure_plate":7,"stat.useItem.minecraft.iron_trapdoor":393,"stat.craftItem.minecraft.lever":630,"stat.useItem.minecraft.coal_ore":1961,"stat.useItem.minecraft.light_weighted_pressure_plate":28,"stat.craftItem.minecraft.sponge":186,"stat.useItem.minecraft.dispenser":475,"stat.drop.minecraft.enchanting_table":2,"stat.mineBlock.minecraft.lapis_ore":1025,"stat.brewingstandInteraction":193,"stat.useItem.minecraft.stone_brick_stairs":475,"stat.mineBlock.minecraft.torch":3501,"stat.mineBlock.minecraft.red_flower":708,"stat.tradedWithVillager":8013,"stat.useItem.minecraft.acacia_door":106,"stat.craftItem.minecraft.comparator":280,"stat.craftItem.minecraft.sea_lantern":5066,"stat.craftItem.minecraft.glowstone":4161,"stat.useItem.minecraft.slime":748,"stat.useItem.minecraft.birch_fence":368,"stat.mineBlock.minecraft.fence_gate":8,"stat.useItem.minecraft.snow_layer":26,"stat.mineBlock.minecraft.birch_fence":182,"stat.useItem.minecraft.pumpkin":714,"stat.useItem.minecraft.tnt":1647,"stat.useItem.minecraft.lava_bucket":296,"stat.useItem.minecraft.gold_ore":1,"stat.craftItem.minecraft.wheat":3735,"stat.useItem.minecraft.item_frame":99,"stat.useItem.minecraft.stained_hardened_clay":44558,"stat.useItem.minecraft.redstone_ore":2437,"stat.craftItem.minecraft.cookie":64,"stat.mobKills":244282,"stat.mineBlock.minecraft.bookshelf":277,"stat.useItem.minecraft.boat":8,"stat.craftItem.minecraft.lead":4,"stat.useItem.minecraft.mossy_cobblestone":270,"achievement.bookcase":177,"stat.craftItem.minecraft.nether_brick_stairs":1232,"stat.craftItem.minecraft.spruce_stairs":160,"stat.craftItem.minecraft.map":78,"stat.useItem.minecraft.string":468,"stat.useItem.minecraft.bookshelf":275,"stat.useItem.minecraft.soul_sand":472,"stat.killEntity.Blaze":849,"stat.mineBlock.minecraft.red_mushroom":95,"achievement.overpowered":34,"stat.mineBlock.minecraft.stone_brick_stairs":137,"stat.mineBlock.minecraft.nether_brick_fence":298,"stat.useItem.minecraft.golden_sword":277,"stat.craftItem.minecraft.lit_pumpkin":317,"stat.craftItem.minecraft.cobblestone_wall":36,"stat.craftItem.minecraft.stone_sword":3,"stat.mineBlock.minecraft.snow_layer":29,"stat.mineBlock.minecraft.sand":70097,"stat.craftItem.minecraft.wooden_hoe":1,"stat.craftItem.minecraft.slime":2178,"stat.useItem.minecraft.fence_gate":257,"stat.hopperInspected":2652,"stat.breakItem.minecraft.flint_and_steel":17,"stat.craftItem.minecraft.birch_door":12,"stat.trappedChestTriggered":3778,"stat.drop.minecraft.rail":13,"stat.craftItem.minecraft.acacia_stairs":80,"stat.mineBlock.minecraft.lapis_block":21,"stat.useItem.minecraft.minecart":628,"stat.useItem.minecraft.cooked_mutton":471,"stat.drop.minecraft.stained_hardened_clay":1,"stat.craftItem.minecraft.fence_gate":243,"stat.mineBlock.minecraft.soul_sand":2726,"stat.mineBlock.minecraft.jungle_stairs":9,"achievement.ghast":6,"stat.useItem.minecraft.furnace_minecart":1,"stat.craftItem.minecraft.diamond_block":99,"stat.useItem.minecraft.sponge":409,"stat.mineBlock.minecraft.ice":368,"stat.craftItem.minecraft.redstone_torch":4289,"stat.useItem.minecraft.packed_ice":1252,"stat.mineBlock.minecraft.gold_block":31,"stat.craftItem.minecraft.iron_hoe":40,"stat.useItem.minecraft.experience_bottle":14,"stat.useItem.minecraft.trapped_chest":1349,"stat.dropperInspected":456,"stat.useItem.minecraft.golden_rail":2126,"stat.craftItem.minecraft.detector_rail":102,"stat.craftItem.minecraft.wooden_button":83,"stat.useItem.minecraft.furnace":111,"stat.mineBlock.minecraft.snow":185,"stat.mineBlock.minecraft.gravel":4435,"stat.mineBlock.minecraft.beacon":55,"stat.useItem.minecraft.wool":805,"stat.breakItem.minecraft.diamond_axe":1,"stat.useItem.minecraft.torch":28958,"stat.craftItem.minecraft.redstone_block":3477,"stat.craftItem.minecraft.stone_stairs":768,"stat.useItem.minecraft.log":737,"stat.useItem.minecraft.comparator":857,"stat.craftItem.minecraft.crafting_table":111,"stat.drop.minecraft.end_stone":2,"stat.craftItem.minecraft.boat":13,"stat.mineBlock.minecraft.emerald_ore":243,"stat.pickup.minecraft.redstone_block":8,"stat.useItem.minecraft.cooked_fish":648,"stat.craftItem.minecraft.stone_button":548,"stat.useItem.minecraft.deadbush":25,"stat.useItem.minecraft.birch_door":27,"stat.useItem.minecraft.wooden_pressure_plate":73,"stat.craftItem.minecraft.sugar":1603,"stat.craftItem.minecraft.spruce_fence_gate":1,"stat.pickup.minecraft.golden_rail":10,"stat.useItem.minecraft.fishing_rod":3560,"stat.craftItem.minecraft.jungle_door":3,"stat.craftItem.minecraft.diamond_chestplate":24,"stat.useItem.minecraft.brick_stairs":58,"stat.useItem.minecraft.mushroom_stew":9,"stat.craftItem.minecraft.sticky_piston":604,"stat.pickup.minecraft.redstone_torch":1,"stat.horseOneCm":41353275,"stat.useItem.minecraft.log2":263,"stat.mineBlock.minecraft.slime":302,"stat.mineBlock.minecraft.brown_mushroom":303,"stat.mineBlock.minecraft.acacia_fence":212,"stat.useItem.minecraft.diamond_sword":17154,"stat.craftItem.minecraft.diamond_helmet":5,"stat.climbOneCm":7122809,"stat.useItem.minecraft.end_rod":131,"stat.craftItem.minecraft.gold_block":1899,"stat.enderchestOpened":1463,"stat.useItem.minecraft.redstone_torch":2836,"stat.useItem.minecraft.red_flower":44,"stat.useItem.minecraft.leaves2":240,"stat.useItem.minecraft.iron_ore":101,"stat.craftItem.minecraft.trapdoor":144,"stat.craftItem.minecraft.stone_pickaxe":3,"stat.craftItem.minecraft.glass_bottle":12,"stat.useItem.minecraft.cooked_beef":1613,"stat.craftItem.minecraft.dispenser":170,"stat.pickup.minecraft.redstone":2,"stat.craftItem.minecraft.book":1535,"stat.mineBlock.minecraft.iron_ore":6987,"stat.craftItem.minecraft.acacia_door":12,"stat.useItem.minecraft.noteblock":26,"stat.craftItem.minecraft.cake":3,"stat.drop.minecraft.iron_bars":1,"achievement.spawnWither":12,"stat.useItem.minecraft.cooked_porkchop":530,"stat.pickup.minecraft.carpet":5,"stat.craftItem.minecraft.acacia_fence":477,"stat.useItem.minecraft.chest_minecart":123,"stat.useItem.minecraft.sea_lantern":7440,"stat.craftItem.minecraft.snow_layer":156,"stat.pickup.minecraft.sandstone_stairs":2,"stat.craftItem.minecraft.chest_minecart":129,"stat.craftItem.minecraft.stick":5780,"stat.craftItem.minecraft.stained_hardened_clay":16824,"stat.craftItem.minecraft.gold_nugget":5285,"stat.useItem.minecraft.stone_pressure_plate":202,"stat.breakItem.minecraft.iron_hoe":36,"stat.breakItem.minecraft.shears":33,"stat.mineBlock.minecraft.planks":2118,"stat.drop":2199,"stat.killEntity.Sheep":1408,"stat.drop.minecraft.redstone_block":9,"stat.craftItem.minecraft.piston":1214,"stat.useItem.minecraft.quartz_stairs":630,"stat.killEntity.Slime":435,"stat.mineBlock.minecraft.anvil":51,"stat.useItem.minecraft.waterlily":101,"stat.mineBlock.minecraft.deadbush":203,"stat.useItem.minecraft.carpet":8196,"stat.useItem.minecraft.potion":406,"stat.useItem.minecraft.flower_pot":29,"stat.useItem.minecraft.stone_axe":11,"stat.craftItem.minecraft.iron_helmet":4,"stat.drop.minecraft.piston":1,"stat.craftItem.minecraft.rail":4064,"stat.boatOneCm":380802,"stat.craftItem.minecraft.flint_and_steel":25,"stat.useItem.minecraft.redstone_lamp":1356,"stat.mineBlock.minecraft.leaves2":1692,"stat.mineBlock.minecraft.stone_stairs":14,"stat.craftItem.minecraft.iron_bars":272,"stat.mineBlock.minecraft.furnace":58,"stat.killEntity.CaveSpider":513,"stat.craftItem.minecraft.netherbrick":8,"stat.craftItem.minecraft.birch_fence":120,"stat.damageDealt":3668982,"stat.craftItem.minecraft.bowl":4,"stat.craftItem.minecraft.anvil":70,"stat.mineBlock.minecraft.nether_brick_stairs":326,"stat.useItem.minecraft.crafting_table":230,"achievement.enchantments":6,"stat.breakItem.minecraft.stone_pickaxe":2,"stat.craftItem.minecraft.birch_fence_gate":192,"stat.craftItem.minecraft.diamond_boots":5,"stat.craftItem.minecraft.writable_book":45,"stat.useItem.minecraft.redstone_block":2364,"stat.useItem.minecraft.spruce_stairs":138,"stat.craftItem.minecraft.redstone":19281,"stat.useItem.minecraft.cactus":1612,"stat.killEntity.Chicken":1592,"stat.useItem.minecraft.iron_block":3746,"stat.mineBlock.minecraft.quartz_ore":4432,"stat.craftItem.minecraft.tnt":2257,"stat.craftItem.minecraft.fence":210,"stat.useItem.minecraft.golden_apple":7,"stat.mineBlock.minecraft.leaves":5250,"stat.mineBlock.minecraft.piston":458,"stat.mineBlock.minecraft.hay_block":6,"stat.useItem.minecraft.map":8,"stat.craftItem.minecraft.tripwire_hook":1150,"achievement.cookFish":11,"stat.beaconInteraction":29,"stat.killEntity.EntityHorse":338,"stat.leaveGame":1799,"stat.useItem.minecraft.glowstone":1441,"stat.mineBlock.minecraft.sandstone":21211,"stat.craftItem.minecraft.ender_eye":122,"stat.killEntity.PigZombie":1019,"stat.craftItem.minecraft.stone_pressure_plate":376,"stat.mineBlock.minecraft.birch_fence_gate":6,"stat.mineBlock.minecraft.red_sandstone":386,"stat.useItem.minecraft.sandstone_stairs":12089,"stat.useItem.minecraft.activator_rail":22,"stat.craftItem.minecraft.noteblock":72,"stat.useItem.minecraft.birch_boat":3,"stat.mineBlock.minecraft.wooden_slab":2318,"stat.killEntity.Witch":64,"stat.killEntity.MushroomCow":12,"stat.craftItem.minecraft.wooden_pickaxe":3,"stat.craftItem.minecraft.iron_door":198,"stat.useItem.minecraft.iron_shovel":8,"stat.mineBlock.minecraft.brick_block":2,"stat.craftItem.minecraft.bed":68,"stat.mineBlock.minecraft.hopper":2571,"stat.mineBlock.minecraft.vine":1490,"stat.mineBlock.minecraft.rail":1328,"stat.useItem.minecraft.double_plant":7,"stat.useItem.minecraft.trapdoor":120,"stat.mineBlock.minecraft.stained_hardened_clay":22006,"stat.useItem.minecraft.stained_glass":11328,"stat.craftItem.minecraft.prismarine":13823,"stat.useItem.minecraft.dark_oak_door":82,"stat.useItem.minecraft.ice":102,"achievement.openInventory":30324,"stat.useItem.minecraft.wooden_button":181,"stat.craftItem.minecraft.dropper":235,"stat.useItem.minecraft.dye":5351,"stat.mineBlock.minecraft.stone_slab2":145,"stat.mineBlock.minecraft.stone_pressure_plate":33,"stat.useItem.minecraft.nether_brick":2681,"stat.useItem.minecraft.jukebox":13,"stat.mineBlock.minecraft.tallgrass":4886,"achievement.potion":217,"stat.useItem.minecraft.cooked_rabbit":155,"stat.craftItem.minecraft.light_weighted_pressure_plate":16,"stat.useItem.minecraft.stone":30013,"stat.useItem.minecraft.acacia_fence_gate":55,"stat.killEntity.Ghast":42,"stat.useItem.minecraft.ender_chest":390,"stat.useItem.minecraft.clay":291,"achievement.killCow":1963,"stat.mineBlock.minecraft.chest":965,"stat.mineBlock.minecraft.hardened_clay":21388,"stat.craftItem.minecraft.hopper":1592,"stat.useItem.minecraft.emerald_ore":5,"stat.useItem.minecraft.reeds":55,"stat.craftItem.minecraft.nether_brick":4549,"stat.craftItem.minecraft.wooden_sword":1,"stat.craftItem.minecraft.diamond_shovel":24,"stat.mineBlock.minecraft.glass":1443,"stat.useItem.minecraft.enchanting_table":24,"stat.useItem.minecraft.record_13":2,"stat.mineBlock.minecraft.dirt":48433,"stat.useItem.minecraft.bread":212,"stat.useItem.minecraft.record_11":1,"stat.treasureFished":103,"stat.useItem.minecraft.cobblestone":4561,"stat.craftItem.minecraft.leather_boots":16,"stat.useItem.minecraft.gravel":538,"stat.mineBlock.minecraft.double_plant":91,"stat.useItem.minecraft.record_far":3,"stat.minecartOneCm":153397635,"stat.craftItem.minecraft.gold_ingot":13835,"stat.craftItem.minecraft.brewing_stand":16,"stat.useItem.minecraft.tallgrass":328,"achievement.portal":4717,"stat.itemEnchanted":7,"stat.mineBlock.minecraft.log":23645,"stat.mineBlock.minecraft.heavy_weighted_pressure_plate":2,"stat.useItem.minecraft.wooden_door":17,"achievement.acquireIron":57,"stat.craftItem.minecraft.paper":6399,"stat.craftItem.minecraft.trapped_chest":921,"stat.craftItem.minecraft.cooked_rabbit":9,"stat.craftItem.minecraft.diamond_leggings":2,"stat.mineBlock.minecraft.acacia_stairs":104,"stat.useItem.minecraft.iron_axe":383,"stat.mineBlock.minecraft.yellow_flower":168,"stat.useItem.minecraft.skull":31,"stat.craftItem.minecraft.wool":4802,"stat.useItem.minecraft.snow":52,"achievement.buildWorkBench":176,"stat.useItem.minecraft.obsidian":1590,"stat.craftItem.minecraft.dark_oak_door":63,"stat.mineBlock.minecraft.detector_rail":17,"stat.useItem.minecraft.egg":467,"stat.junkFished":148,"stat.craftItem.minecraft.cooked_beef":45,"stat.mineBlock.minecraft.obsidian":4783,"stat.craftItem.minecraft.bow":199,"stat.craftItem.minecraft.red_sandstone_stairs":868,"stat.flyOneCm":75816430,"stat.craftItem.minecraft.furnace_minecart":1,"stat.craftItem.minecraft.stained_glass":14848,"stat.craftItem.minecraft.emerald_block":838,"stat.timeSinceDeath":15367763,"stat.cauldronFilled":2,"stat.killEntity.Bat":107,"stat.useItem.minecraft.potato":15,"stat.mineBlock.minecraft.enchanting_table":7,"stat.mineBlock.minecraft.coal_ore":24945,"stat.talkedToVillager":3543,"stat.craftItem.minecraft.stone_hoe":2,"stat.mineBlock.minecraft.red_mushroom_block":2157,"stat.drop.minecraft.spawn_egg":2,"stat.mineBlock.minecraft.ladder":589,"stat.useItem.minecraft.milk_bucket":8,"stat.useItem.minecraft.written_book":2,"stat.useItem.minecraft.dragon_egg":1841,"stat.useItem.minecraft.diamond_shovel":123234,"stat.mineBlock.minecraft.diamond_ore":914,"stat.useItem.minecraft.brown_mushroom_block":2588,"stat.craftItem.minecraft.wooden_pressure_plate":324,"stat.craftItem.minecraft.speckled_melon":34,"achievement.killEnemy":11524,"stat.useItem.minecraft.ladder":3326,"stat.useItem.minecraft.diamond_ore":48,"stat.pickup.minecraft.snowball":1,"stat.useItem.minecraft.birch_stairs":256,"stat.killEntity.Guardian":622,"stat.craftItem.minecraft.sandstone_stairs":9712,"stat.diveOneCm":6325521,"stat.useItem.minecraft.sticky_piston":878,"stat.craftItem.minecraft.ladder":1887,"achievement.buildHoe":77,"stat.mineBlock.minecraft.stone_button":63,"stat.useItem.minecraft.rotten_flesh":4,"stat.drop.minecraft.sponge":1,"stat.craftItem.minecraft.diamond_sword":6,"stat.useItem.minecraft.sand":8780,"stat.jump":219655,"stat.craftItem.minecraft.torch":20796,"achievement.makeBread":495,"stat.craftItem.minecraft.fermented_spider_eye":87,"stat.useItem.minecraft.glass":4998,"stat.useItem.minecraft.sapling":4310,"achievement.blazeRod":447,"stat.mineBlock.minecraft.glass_pane":87,"stat.damageTaken":101448,"stat.useItem.minecraft.end_crystal":88,"stat.mineBlock.minecraft.melon_block":40,"stat.useItem.minecraft.gold_block":307,"stat.mineBlock.minecraft.sapling":41,"stat.mineBlock.minecraft.sandstone_stairs":2311,"stat.killEntity.Shulker":15,"stat.killEntity.Silverfish":398,"stat.craftItem.minecraft.stone_slab":11023,"stat.useItem.minecraft.command_block":34,"stat.animalsBred":1411,"stat.useItem.minecraft.chest":2180,"stat.useItem.minecraft.birch_fence_gate":812,"stat.craftItem.minecraft.iron_chestplate":1,"stat.pickup.minecraft.ender_pearl":4646,"stat.useItem.minecraft.record_mall":2,"stat.useItem.minecraft.netherrack":8613,"stat.craftItem.minecraft.stained_glass_pane":3488,"stat.mineBlock.minecraft.tnt":7,"stat.craftItem.minecraft.bookshelf":96,"stat.useItem.minecraft.tripwire_hook":81,"stat.mineBlock.minecraft.stonebrick":2421,"stat.mineBlock.minecraft.glowstone":367,"stat.craftItem.minecraft.shears":49,"stat.useItem.minecraft.cobblestone_wall":76,"stat.breakItem.minecraft.diamond_shovel":4,"stat.useItem.minecraft.writable_book":343,"stat.breakItem.minecraft.wooden_shovel":1,"stat.useItem.minecraft.purpur_slab":144,"stat.craftItem.minecraft.compass":78,"stat.useItem.minecraft.record_stal":2,"stat.useItem.minecraft.end_bricks":527,"stat.craftItem.minecraft.iron_axe":2,"stat.useItem.minecraft.lead":2,"stat.useItem.minecraft.planks":4880,"stat.useItem.minecraft.nether_brick_stairs":1461,"stat.mineBlock.minecraft.acacia_fence_gate":27,"stat.useItem.minecraft.red_sandstone_stairs":1172,"stat.useItem.minecraft.water_bucket":3017,"stat.craftItem.minecraft.golden_apple":18,"stat.mineBlock.minecraft.jungle_fence_gate":1,"stat.craftItem.minecraft.dark_oak_fence":201,"achievement.diamonds":548,"stat.useItem.minecraft.record_cat":31,"stat.aviateOneCm":3477301,"stat.useItem.minecraft.brown_mushroom":207,"stat.useItem.minecraft.ender_pearl":2882,"stat.craftItem.minecraft.cooked_fish":98,"achievement.buildBetterPickaxe":12,"stat.craftItem.minecraft.blaze_powder":190,"stat.useItem.minecraft.spawn_egg":1187,"stat.craftItem.minecraft.hardened_clay":2,"achievement.breedCow":676,"stat.useItem.minecraft.oak_stairs":27,"stat.craftItem.minecraft.golden_carrot":530,"stat.mineBlock.minecraft.dark_oak_stairs":237,"stat.useItem.minecraft.dark_oak_stairs":2311,"stat.mineBlock.minecraft.birch_stairs":64,"stat.useItem.minecraft.redstone":9040,"achievement.overkill":4894,"stat.mineBlock.minecraft.end_bricks":1,"stat.mineBlock.minecraft.redstone_lamp":360,"achievement.mineWood":18313,"stat.useItem.minecraft.stone_stairs":1,"stat.mineBlock.minecraft.brick_stairs":21,"stat.useItem.minecraft.hopper":4688,"stat.craftItem.minecraft.heavy_weighted_pressure_plate":4,"stat.mineBlock.minecraft.oak_stairs":27,"stat.playOneMinute":99675580,"stat.useItem.minecraft.jungle_stairs":71,"stat.useItem.minecraft.shears":6259,"stat.mineBlock.minecraft.brown_mushroom_block":2292,"stat.mineBlock.minecraft.dark_oak_fence":99,"stat.craftItem.minecraft.carpet":5343,"stat.mineBlock.minecraft.netherrack":62379,"stat.mineBlock.minecraft.dispenser":44,"stat.craftItem.minecraft.dark_oak_stairs":384,"stat.craftItem.minecraft.golden_rail":1248,"stat.useItem.minecraft.quartz_ore":1590,"stat.fallOneCm":5907380,"stat.craftItem.minecraft.chest":3902,"stat.useItem.minecraft.nether_brick_fence":720,"stat.craftItem.minecraft.banner":12,"stat.mineBlock.minecraft.lever":150,"stat.useItem.minecraft.iron_hoe":12391,"achievement.fullBeacon":68,"stat.craftItem.minecraft.dark_oak_fence_gate":5,"stat.useItem.minecraft.record_chirp":5,"stat.useItem.minecraft.stone_pickaxe":293,"stat.craftItem.minecraft.birch_stairs":228,"stat.craftItem.minecraft.iron_leggings":3,"stat.useItem.minecraft.stone_sword":31,"stat.killEntity.Rabbit":1065,"stat.craftItem.minecraft.oak_stairs":276,"stat.useItem.minecraft.iron_bars":408,"stat.mineBlock.minecraft.monster_egg":294,"stat.mineBlock.minecraft.quartz_stairs":181,"stat.killEntity.LavaSlime":726,"achievement.theEnd2":723,"stat.mineBlock.minecraft.golden_rail":498,"stat.breakItem.minecraft.iron_boots":1,"stat.craftItem.minecraft.hopper_minecart":44,"stat.breakItem.minecraft.diamond_chestplate":2,"stat.breakItem.minecraft.iron_helmet":1,"stat.mineBlock.minecraft.iron_block":1623,"stat.mineBlock.minecraft.tripwire_hook":7,"stat.craftItem.minecraft.snow":79,"stat.useItem.minecraft.jungle_door":8,"stat.craftItem.minecraft.cooked_chicken":175,"stat.useItem.minecraft.stone_hoe":159,"stat.craftItem.minecraft.flower_pot":13,"stat.sneakTime":25499,"stat.mineBlock.minecraft.cobblestone_wall":7,"stat.useItem.minecraft.brewing_stand":29,"stat.mineBlock.minecraft.jukebox":9,"stat.craftItem.minecraft.enchanting_table":6,"stat.useItem.minecraft.web":18,"stat.useItem.minecraft.lapis_block":214,"stat.useItem.minecraft.record_ward":3,"stat.useItem.minecraft.repeater":1797,"stat.craftItem.minecraft.stone_brick_stairs":444,"stat.craftItem.minecraft.acacia_fence_gate":37,"stat.craftItem.minecraft.iron_trapdoor":380,"stat.mineBlock.minecraft.diamond_block":25,"stat.swimOneCm":14433425,"stat.mineBlock.minecraft.spruce_stairs":35,"stat.useItem.minecraft.dirt":27550,"achievement.exploreAllBiomes":{"value":0,"progress":["Sunflower Plains","Birch Forest","Roofed Forest","Extreme Hills M","MushroomIslandShore","The End","Mesa Plateau F M","Beach","Mega Taiga Hills","Extreme Hills+","Savanna Plateau M","River","Ocean","JungleEdge","Taiga","Mega Taiga","MushroomIsland","Swampland","Mesa Plateau F","Mesa","ForestHills","Flower Forest","Plains","Ice Plains Spikes","TaigaHills","DesertHills","Birch Forest M","Jungle","Forest","JungleHills","Desert","Extreme Hills","Mesa (Bryce)","Deep Ocean","Savanna","Hell"]},"stat.pickup.minecraft.enchanting_table":1,"stat.useItem.minecraft.detector_rail":36,"stat.craftItem.minecraft.melon_block":2860,"stat.drop.minecraft.ender_pearl":38,"stat.mineBlock.minecraft.carpet":2044,"stat.mineBlock.minecraft.redstone_block":592,"stat.useItem.minecraft.red_mushroom":104,"stat.craftItem.minecraft.wooden_slab":6408,"stat.useItem.minecraft.sign":1625,"achievement.theEnd":205,"stat.useItem.minecraft.lever":577,"stat.mineBlock.minecraft.coal_block":25,"stat.breakItem.minecraft.golden_sword":10,"stat.craftItem.minecraft.red_sandstone":3172,"stat.useItem.minecraft.acacia_stairs":163,"stat.mineBlock.minecraft.nether_brick":1652,"stat.craftItem.minecraft.nether_brick_fence":414,"stat.mineBlock.minecraft.red_sandstone_stairs":304,"stat.useItem.minecraft.purpur_pillar":42,"stat.craftItem.minecraft.brick_block":255,"stat.craftItem.minecraft.stone_slab2":1290,"stat.useItem.minecraft.stone_slab":14986,"stat.craftItem.minecraft.jungle_fence_gate":53,"stat.useItem.minecraft.bed":309,"stat.craftItem.minecraft.stone":4221,"stat.craftItem.minecraft.armor_stand":7,"stat.mineBlock.minecraft.crafting_table":181,"stat.useItem.minecraft.diamond_pickaxe":418379,"stat.mineBlock.minecraft.quartz_block":109,"stat.killEntity.Endermite":30,"stat.useItem.minecraft.carrot":9,"stat.useItem.minecraft.ender_eye":21,"stat.useItem.minecraft.wooden_shovel":60,"stat.useItem.minecraft.bucket":4749,"achievement.buildFurnace":621,"stat.useItem.minecraft.purpur_block":1,"stat.craftItem.minecraft.diamond_pickaxe":85,"stat.craftItem.minecraft.clay":270,"stat.craftItem.minecraft.jukebox":6,"stat.useItem.minecraft.record_wait":3,"stat.useItem.minecraft.glass_bottle":1556,"stat.useItem.minecraft.diamond_axe":39034,"stat.useItem.minecraft.stained_glass_pane":1109,"stat.craftItem.minecraft.brick_stairs":44,"stat.useItem.minecraft.bedrock":406,"stat.useItem.minecraft.piston":1133,"stat.craftItem.minecraft.bread":265,"stat.useItem.minecraft.mycelium":545,"stat.useItem.minecraft.stone_button":283,"stat.useItem.minecraft.cooked_chicken":131,"stat.mineBlock.minecraft.iron_bars":276,"stat.craftItem.minecraft.activator_rail":60,"stat.mineBlock.minecraft.mycelium":146,"stat.useItem.minecraft.wooden_pickaxe":6,"stat.dispenserInspected":574,"stat.craftItem.minecraft.glass":12,"stat.craftItem.minecraft.cauldron":8,"stat.sleepInBed":9,"stat.craftItem.minecraft.baked_potato":64,"stat.killEntity.Cow":1665,"stat.pickup.minecraft.minecart":2,"stat.killEntity.Pig":1046,"stat.craftItem.minecraft.iron_sword":1,"stat.breakItem.minecraft.fishing_rod":12,"stat.walkOneCm":270171320,"stat.mineBlock.minecraft.trapped_chest":549,"stat.useItem.minecraft.dark_oak_fence_gate":3,"stat.useItem.minecraft.emerald_block":409,"stat.pickup.minecraft.purpur_slab":1,"stat.pickup.minecraft.stone":810,"stat.mineBlock.minecraft.wool":218,"stat.craftItem.minecraft.hay_block":2371,"stat.useItem.minecraft.red_mushroom_block":2057,"stat.mineBlock.minecraft.packed_ice":973,"stat.useItem.minecraft.leaves":760,"stat.craftItem.minecraft.minecart":92,"stat.useItem.minecraft.prismarine":15601,"stat.killEntity.Skeleton":1257,"stat.mineBlock.minecraft.cactus":21,"stat.mineBlock.minecraft.redstone_torch":603,"stat.killEntity.Spider":180,"stat.craftItem.minecraft.spruce_fence":3,"stat.breakItem.minecraft.iron_axe":1,"stat.useItem.minecraft.hopper_minecart":65,"stat.mineBlock.minecraft.redstone_ore":7624,"stat.pickup.minecraft.elytra":1,"stat.craftItem.minecraft.coal_block":2536,"stat.craftItem.minecraft.brick":853,"stat.mineBlock.minecraft.stone":209323,"stat.useItem.minecraft.sandstone":2020}