{"stat.useItem.minecraft.bow":42,"stat.useItem.minecraft.mushroom_stew":1,"stat.horseOneCm":124514,"stat.leaveGame":14,"stat.mineBlock.minecraft.cobblestone":41,"stat.mineBlock.minecraft.brown_mushroom":2,"stat.killEntity.Blaze":3,"stat.useItem.minecraft.diamond_sword":95,"stat.killEntity.PigZombie":7,"stat.swimOneCm":94138,"stat.climbOneCm":19403,"stat.useItem.minecraft.planks":23,"stat.mineBlock.minecraft.web":2,"stat.enderchestOpened":20,"stat.useItem.minecraft.redstone_torch":33,"stat.useItem.minecraft.dirt":12,"achievement.exploreAllBiomes":{"value":0,"progress":["Birch Forest M","Extreme Hills+","River","Plains","Desert","Extreme Hills","Mesa (Bryce)","TaigaHills","Deep Ocean","Hell"]},"stat.useItem.minecraft.water_bucket":28,"stat.mineBlock.minecraft.nether_brick_fence":1,"stat.useItem.minecraft.rail":635,"stat.mineBlock.minecraft.obsidian":40,"stat.flyOneCm":119174,"stat.useItem.minecraft.ender_pearl":4,"stat.useItem.minecraft.cooked_beef":12,"stat.mineBlock.minecraft.iron_ore":54,"stat.timeSinceDeath":223911,"stat.trappedChestTriggered":23,"stat.mineBlock.minecraft.rail":15,"stat.mineBlock.minecraft.coal_ore":225,"stat.killEntity.Creeper":3,"stat.craftItem.minecraft.nether_brick_fence":60,"stat.useItem.minecraft.minecart":8,"stat.mineBlock.minecraft.ladder":1,"stat.mineBlock.minecraft.stained_hardened_clay":1,"stat.useItem.minecraft.diamond_shovel":625,"stat.sprintOneCm":378004,"stat.mineBlock.minecraft.stone_slab":6,"stat.craftItem.minecraft.stick":4,"stat.useItem.minecraft.stone_slab":130,"achievement.openInventory":114,"stat.mineBlock.minecraft.diamond_ore":27,"stat.mineBlock.minecraft.fence":55,"stat.useItem.minecraft.wooden_button":8,"stat.useItem.minecraft.diamond_pickaxe":2220,"stat.mineBlock.minecraft.soul_sand":5,"stat.useItem.minecraft.bucket":123,"stat.mineBlock.minecraft.planks":141,"stat.drop":4,"stat.playOneMinute":223911,"stat.killEntity.Sheep":13,"stat.killEntity.Zombie":10,"stat.mineBlock.minecraft.gold_ore":17,"stat.diveOneCm":26684,"stat.chestOpened":43,"stat.recordPlayed":1,"stat.useItem.minecraft.stone":62,"stat.mineBlock.minecraft.netherrack":76,"stat.useItem.minecraft.diamond_axe":198,"stat.killEntity.Ghast":1,"stat.craftItem.minecraft.redstone_torch":22,"stat.useItem.minecraft.ender_chest":1,"stat.craftItem.minecraft.golden_rail":42,"stat.jump":728,"stat.fallOneCm":10034,"stat.crouchOneCm":16327,"stat.mineBlock.minecraft.chest":1,"stat.craftItem.minecraft.torch":8,"stat.useItem.minecraft.nether_brick_fence":76,"stat.craftItem.minecraft.iron_ingot":99,"stat.craftItem.minecraft.rail":512,"stat.mineBlock.minecraft.lapis_ore":20,"stat.useItem.minecraft.golden_rail":41,"stat.damageTaken":165,"stat.craftItem.minecraft.wooden_button":4,"stat.mineBlock.minecraft.torch":14,"stat.mineBlock.minecraft.gravel":112,"stat.damageDealt":13379,"stat.killEntity.Rabbit":15,"stat.mineBlock.minecraft.ender_chest":1,"stat.killEntity.Cow":10,"stat.mineBlock.minecraft.dirt":522,"stat.killEntity.Pig":3,"stat.craftItem.minecraft.stone_slab":384,"stat.walkOneCm":1122576,"stat.useItem.minecraft.torch":291,"stat.useItem.minecraft.cobblestone":3,"stat.useItem.minecraft.gravel":5,"stat.useItem.minecraft.lava_bucket":5,"stat.killEntity.LavaSlime":18,"stat.minecartOneCm":307128,"stat.mineBlock.minecraft.emerald_ore":10,"stat.mineBlock.minecraft.golden_rail":5,"stat.craftItem.minecraft.gold_ingot":27,"stat.useItem.minecraft.stained_hardened_clay":1,"stat.craftItem.minecraft.redstone":27,"stat.useItem.minecraft.record_mellohi":1,"stat.craftItem.minecraft.planks":8,"stat.killEntity.Chicken":2,"stat.mineBlock.minecraft.redstone_torch":3,"stat.killEntity.Spider":2,"stat.mineBlock.minecraft.quartz_ore":12,"stat.mobKills":93,"stat.useItem.minecraft.wooden_door":3,"stat.mineBlock.minecraft.redstone_ore":69,"stat.mineBlock.minecraft.stone":1610}