{"stat.useItem.minecraft.sticky_piston":279,"stat.useItem.minecraft.repeater":252,"stat.leaveGame":16,"stat.drop.minecraft.packed_ice":1,"stat.useItem.minecraft.sponge":34,"stat.useItem.minecraft.packed_ice":226,"stat.jump":162,"stat.swimOneCm":26132,"stat.drop.minecraft.cobblestone":2,"stat.useItem.minecraft.piston":225,"stat.crouchOneCm":7052,"stat.useItem.minecraft.redstone_torch":1,"stat.useItem.minecraft.obsidian":187,"stat.useItem.minecraft.stone_button":23,"achievement.exploreAllBiomes":{"value":0,"progress":["Plains"]},"stat.useItem.minecraft.water_bucket":302,"stat.dropperInspected":44,"stat.useItem.minecraft.redstone_lamp":46,"stat.pickup.minecraft.comparator":3,"stat.pickup.minecraft.repeater":44,"stat.useItem.minecraft.golden_rail":2,"stat.useItem.minecraft.detector_rail":13,"stat.useItem.minecraft.gold_block":4,"stat.drop.minecraft.water_bucket":1,"stat.pickup.minecraft.cobblestone":4161,"stat.useItem.minecraft.slime":107,"stat.drop.minecraft.minecart":1,"stat.flyOneCm":1932676,"stat.pickup.minecraft.redstone":123,"stat.useItem.minecraft.wool":2,"stat.timeSinceDeath":687651,"stat.hopperInspected":2,"stat.pickup.minecraft.packed_ice":1,"stat.useItem.minecraft.iron_door":12,"stat.useItem.minecraft.command_block":5,"stat.walkOneCm":14764,"stat.useItem.minecraft.lever":7,"stat.useItem.minecraft.observer":326,"stat.useItem.minecraft.comparator":17,"stat.useItem.minecraft.cobblestone":315,"stat.useItem.minecraft.tnt":11,"stat.drop.minecraft.stained_glass":1,"stat.useItem.minecraft.lava_bucket":161,"stat.drop.minecraft.stone_slab":1,"stat.drop.minecraft.iron_block":4,"stat.useItem.minecraft.minecart":5,"stat.useItem.minecraft.redstone_block":131,"stat.useItem.minecraft.redstone":267,"stat.useItem.minecraft.dropper":116,"stat.useItem.minecraft.trapdoor":1,"stat.useItem.minecraft.stained_glass":612,"stat.sprintOneCm":3063,"stat.useItem.minecraft.stone_slab":27,"stat.drop.minecraft.lever":1,"achievement.openInventory":268,"stat.useItem.minecraft.iron_block":1465,"stat.useItem.minecraft.hopper":58,"stat.pickup.minecraft.lever":1,"stat.drop":12,"stat.pickup.minecraft.iron_door":1,"stat.playOneMinute":687651,"stat.sneakTime":44557,"stat.pickup.minecraft.iron_block":5,"stat.diveOneCm":47152}