{"stat.useItem.minecraft.redstone_block":14,"stat.crouchOneCm":5442,"stat.useItem.minecraft.quartz_block":115,"stat.useItem.minecraft.stained_glass":5,"achievement.openInventory":37,"stat.useItem.minecraft.sticky_piston":17,"achievement.exploreAllBiomes":{"value":0,"progress":["Desert","Plains"]},"stat.useItem.minecraft.redstone":5,"stat.useItem.minecraft.stained_hardened_clay":10,"stat.flyOneCm":570210,"stat.useItem.minecraft.dropper":12,"stat.useItem.minecraft.golden_rail":1,"stat.useItem.minecraft.hopper":10,"stat.useItem.minecraft.diamond_block":8,"stat.useItem.minecraft.repeater":6,"stat.leaveGame":2,"stat.useItem.minecraft.comparator":5,"stat.useItem.minecraft.lever":34,"stat.useItem.minecraft.gold_block":3,"stat.useItem.minecraft.glass":69,"stat.timeSinceDeath":159077,"stat.useItem.minecraft.emerald_block":41,"stat.playOneMinute":159077,"stat.useItem.minecraft.redstone_torch":25,"stat.useItem.minecraft.wool":244,"stat.walkOneCm":24758,"stat.jump":123,"stat.useItem.minecraft.piston":7,"stat.sprintOneCm":725}