{"stat.walkOneCm":39200,"stat.useItem.minecraft.sticky_piston":98,"stat.useItem.minecraft.quartz_block":1475,"stat.useItem.minecraft.lever":76,"stat.useItem.minecraft.repeater":138,"stat.useItem.minecraft.quartz_stairs":5,"stat.leaveGame":22,"stat.useItem.minecraft.comparator":5,"stat.furnaceInteraction":4,"stat.useItem.minecraft.glowstone":142,"stat.jump":243,"stat.useItem.minecraft.redstone_block":123,"stat.useItem.minecraft.redstone":182,"stat.useItem.minecraft.piston":36,"stat.crouchOneCm":7224,"stat.useItem.minecraft.coal_block":3,"stat.useItem.minecraft.obsidian":1,"stat.useItem.minecraft.redstone_torch":9,"stat.useItem.minecraft.stained_glass":6,"stat.sprintOneCm":123,"achievement.exploreAllBiomes":{"value":0,"progress":["Plains","Desert"]},"stat.dropperInspected":4,"stat.useItem.minecraft.glass":19,"stat.useItem.minecraft.stone_slab":152,"stat.useItem.minecraft.tripwire_hook":2,"stat.useItem.minecraft.redstone_lamp":2,"achievement.openInventory":329,"stat.useItem.minecraft.cauldron":2,"stat.useItem.minecraft.golden_rail":2,"stat.useItem.minecraft.wooden_button":275,"stat.useItem.minecraft.furnace":2,"stat.flyOneCm":3752387,"stat.drop":324,"stat.playOneMinute":637517,"stat.useItem.minecraft.wool":805,"stat.timeSinceDeath":637517,"stat.hopperInspected":2,"stat.useItem.minecraft.sign":22,"stat.cauldronFilled":2}