{"stat.useItem.minecraft.redstone_block":14,"stat.crouchOneCm":2679,"stat.useItem.minecraft.quartz_block":80,"stat.useItem.minecraft.stained_glass":115,"achievement.openInventory":48,"stat.useItem.minecraft.sticky_piston":22,"achievement.exploreAllBiomes":{"value":0,"progress":["Desert","Plains"]},"stat.useItem.minecraft.redstone":23,"stat.flyOneCm":591722,"stat.drop":3,"stat.useItem.minecraft.dropper":8,"stat.useItem.minecraft.hopper":6,"stat.useItem.minecraft.diamond_block":8,"stat.useItem.minecraft.repeater":7,"stat.leaveGame":2,"stat.useItem.minecraft.comparator":3,"stat.useItem.minecraft.lever":33,"stat.useItem.minecraft.glass":4,"stat.useItem.minecraft.stone_slab":17,"stat.useItem.minecraft.barrier":1,"stat.timeSinceDeath":167324,"stat.useItem.minecraft.emerald_block":240,"stat.playOneMinute":167324,"stat.useItem.minecraft.redstone_torch":14,"stat.useItem.minecraft.wool":638,"stat.walkOneCm":9958,"stat.jump":45,"stat.useItem.minecraft.wooden_button":16,"stat.useItem.minecraft.piston":10,"stat.sprintOneCm":1087}