{"stat.useItem.minecraft.string":1,"stat.useItem.minecraft.end_bricks":34,"stat.useItem.minecraft.lapis_block":23,"stat.pickup.minecraft.redstone_torch":2,"stat.useItem.minecraft.repeater":641,"stat.leaveGame":40,"stat.useItem.minecraft.soul_sand":14,"stat.useItem.minecraft.skull":2,"stat.drop.minecraft.redstone":2,"stat.useItem.minecraft.repeating_command_block":7,"stat.useItem.minecraft.diamond_sword":24,"stat.swimOneCm":29799,"stat.useItem.minecraft.concrete_powder":665,"stat.drop.minecraft.sticky_piston":2,"stat.useItem.minecraft.obsidian":762,"stat.useItem.minecraft.redstone_torch":95,"stat.pickup.minecraft.sticky_piston":1,"stat.useItem.minecraft.dirt":94,"achievement.exploreAllBiomes":{"value":0,"progress":["Plains","The End"]},"stat.useItem.minecraft.water_bucket":270,"stat.useItem.minecraft.jungle_boat":1,"stat.pickup.minecraft.sand":19703,"stat.useItem.minecraft.egg":94,"stat.pickup.minecraft.anvil":188,"stat.useItem.minecraft.detector_rail":20,"stat.useItem.minecraft.birch_boat":11,"stat.useItem.minecraft.anvil":60,"stat.flyOneCm":7489033,"stat.useItem.minecraft.red_mushroom":9,"stat.drop.minecraft.sand":24,"stat.pickup.minecraft.redstone":122,"stat.timeSinceDeath":1930774,"stat.hopperInspected":23,"stat.useItem.minecraft.sign":57,"stat.useItem.minecraft.spawn_egg":37,"stat.pickup.minecraft.packed_ice":1,"stat.drop.minecraft.repeater":1,"stat.trappedChestTriggered":2,"stat.useItem.minecraft.lever":35,"stat.pickup.minecraft.wooden_button":2,"stat.useItem.minecraft.armor_stand":1,"stat.useItem.minecraft.minecart":7,"stat.useItem.minecraft.redstone":1034,"stat.useItem.minecraft.sea_lantern":4,"stat.useItem.minecraft.dropper":18,"stat.useItem.minecraft.trapdoor":13,"stat.sprintOneCm":34375,"stat.useItem.minecraft.stained_glass":1645,"stat.useItem.minecraft.diamond_shovel":1,"stat.useItem.minecraft.fence":666,"stat.useItem.minecraft.stone_slab":479,"stat.useItem.minecraft.ice":44,"achievement.openInventory":840,"stat.useItem.minecraft.flint_and_steel":9,"stat.useItem.minecraft.wooden_button":10,"stat.useItem.minecraft.hopper":104,"stat.useItem.minecraft.ender_eye":15,"stat.useItem.minecraft.dye":200,"stat.pickup.minecraft.lever":1,"stat.drop":44,"stat.pickup.minecraft.egg":798,"stat.playOneMinute":1930891,"stat.pickup.minecraft.stone_button":2,"stat.drop.minecraft.redstone_block":1,"stat.drop.minecraft.chest":1,"stat.diveOneCm":32574,"stat.chestOpened":12,"stat.useItem.minecraft.sticky_piston":651,"stat.pickup.minecraft.sign":4,"stat.useItem.minecraft.stone":33,"stat.pickup.minecraft.gravel":1716,"stat.drop.minecraft.packed_ice":1,"stat.useItem.minecraft.ender_chest":4,"stat.useItem.minecraft.carpet":3,"stat.useItem.minecraft.stained_glass_pane":66,"stat.useItem.minecraft.packed_ice":856,"stat.useItem.minecraft.bedrock":47,"stat.jump":780,"stat.useItem.minecraft.sand":142,"stat.useItem.minecraft.iron_trapdoor":38,"stat.useItem.minecraft.trapped_chest":32,"stat.useItem.minecraft.piston":556,"stat.crouchOneCm":28796,"stat.useItem.minecraft.stone_button":37,"stat.drop.minecraft.concrete_powder":1,"stat.dropperInspected":11,"stat.useItem.minecraft.dispenser":6,"stat.boatOneCm":71885,"stat.pickup.minecraft.comparator":4,"stat.useItem.minecraft.redstone_lamp":2,"stat.pickup.minecraft.repeater":49,"stat.useItem.minecraft.golden_rail":20,"stat.pickup.minecraft.feather":19,"stat.useItem.minecraft.end_crystal":3,"stat.dispenserInspected":4,"stat.drop.minecraft.concrete":4,"stat.useItem.minecraft.slime":475,"stat.useItem.minecraft.end_portal_frame":75,"stat.pickup.minecraft.concrete":63073,"stat.useItem.minecraft.enchanting_table":1,"stat.damageDealt":674,"stat.useItem.minecraft.snow_layer":9,"stat.useItem.minecraft.wool":15,"stat.useItem.minecraft.iron_bars":13,"stat.pickup.minecraft.piston":4,"stat.useItem.minecraft.command_block":32,"stat.walkOneCm":491699,"stat.useItem.minecraft.chest":44,"stat.drop.minecraft.noteblock":1,"stat.useItem.minecraft.observer":103,"stat.useItem.minecraft.comparator":59,"stat.useItem.minecraft.tnt":38,"stat.useItem.minecraft.gravel":19,"stat.useItem.minecraft.spruce_boat":2,"stat.pickup.minecraft.redstone_block":1,"stat.useItem.minecraft.jungle_fence_gate":8,"stat.useItem.minecraft.redstone_block":506,"stat.pickup.minecraft.tnt":125,"stat.pickup.minecraft.chicken":17,"stat.drop.minecraft.slime":2,"stat.drop.minecraft.egg":3,"stat.useItem.minecraft.concrete":3198,"stat.useItem.minecraft.tripwire_hook":1,"stat.killEntity.Chicken":13,"stat.useItem.minecraft.iron_block":695,"stat.pickup.minecraft.concrete_powder":128625,"stat.drop.minecraft.comparator":1,"stat.mobKills":16,"stat.useItem.minecraft.boat":37,"stat.useItem.minecraft.cobblestone_wall":18,"stat.sneakTime":107995,"stat.useItem.minecraft.purpur_slab":6}