{"stat.pickup.minecraft.repeating_command_block":1,"stat.drop.minecraft.mutton":11,"stat.useItem.minecraft.chain_command_block":41,"stat.pickup.minecraft.sign":4,"stat.leaveGame":6,"stat.useItem.minecraft.sponge":35,"stat.useItem.minecraft.repeating_command_block":7,"stat.drop.minecraft.sponge":3,"stat.drop.minecraft.sandstone":1,"stat.jump":215,"stat.drop.minecraft.dye":1,"stat.crouchOneCm":5035,"stat.useItem.minecraft.stone_button":9,"achievement.exploreAllBiomes":{"value":0,"progress":["Desert"]},"stat.pickup.minecraft.command_block":10,"stat.drop.minecraft.stone_button":4,"stat.pickup.minecraft.dye":1,"stat.flyOneCm":432658,"stat.pickup.minecraft.sandstone":1,"stat.pickup.minecraft.chain_command_block":2,"stat.damageDealt":160,"stat.pickup.minecraft.redstone":12,"stat.useItem.minecraft.wool":137,"stat.timeSinceDeath":223369,"stat.useItem.minecraft.sign":4,"stat.pickup.minecraft.mutton":22,"stat.useItem.minecraft.command_block":23,"stat.walkOneCm":149535,"stat.useItem.minecraft.torch":1,"stat.drop.minecraft.diamond_block":1,"stat.drop.minecraft.wool":39,"stat.pickup.minecraft.sponge":13,"stat.drop.minecraft.sign":3,"stat.useItem.minecraft.stained_glass":5,"stat.sprintOneCm":24516,"stat.drop.minecraft.command_block":10,"stat.pickup.minecraft.acacia_door":1,"achievement.openInventory":193,"stat.mobKills":3,"stat.drop.minecraft.repeating_command_block":1,"stat.drop":100,"stat.drop.minecraft.chain_command_block":2,"stat.playOneMinute":223369,"stat.pickup.minecraft.stone_button":6,"stat.pickup.minecraft.torch":52,"stat.sneakTime":4394,"stat.pickup.minecraft.wool":174,"stat.drop.minecraft.torch":24,"stat.useItem.minecraft.sandstone":125}