{"stat.useItem.minecraft.command_block":2,"stat.walkOneCm":4028,"stat.useItem.minecraft.sticky_piston":65,"stat.useItem.minecraft.repeater":30,"stat.leaveGame":3,"stat.useItem.minecraft.sponge":2,"stat.useItem.minecraft.comparator":15,"stat.drop.minecraft.redstone":1,"stat.useItem.minecraft.repeating_command_block":1,"stat.useItem.minecraft.packed_ice":225,"stat.jump":73,"stat.useItem.minecraft.sand":14,"stat.swimOneCm":8441,"stat.useItem.minecraft.redstone_block":43,"stat.useItem.minecraft.redstone":34,"stat.crouchOneCm":637,"stat.useItem.minecraft.dropper":5,"stat.useItem.minecraft.redstone_torch":10,"stat.useItem.minecraft.dirt":158,"stat.useItem.minecraft.stone_button":1,"stat.pickup.minecraft.dirt":1,"stat.useItem.minecraft.stained_glass":407,"stat.sprintOneCm":12623,"achievement.exploreAllBiomes":{"value":0,"progress":["Plains"]},"stat.useItem.minecraft.concrete":240,"stat.useItem.minecraft.water_bucket":192,"stat.dropperInspected":2,"stat.useItem.minecraft.stone_slab":169,"stat.pickup.minecraft.comparator":2,"achievement.openInventory":79,"stat.pickup.minecraft.repeater":2,"stat.useItem.minecraft.wooden_button":5,"stat.useItem.minecraft.reeds":200,"stat.useItem.minecraft.hopper":6,"stat.useItem.minecraft.slime":71,"stat.pickup.minecraft.reeds":205,"stat.flyOneCm":751493,"stat.drop":1,"stat.playOneMinute":135334,"stat.pickup.minecraft.stone_button":1,"stat.sneakTime":5025,"stat.pickup.minecraft.redstone":4,"stat.timeSinceDeath":135334,"stat.hopperInspected":3,"stat.useItem.minecraft.melon_block":31,"stat.useItem.minecraft.light_blue_glazed_terracotta":1,"stat.diveOneCm":224}