{"stat.useItem.minecraft.redstone_block":9,"stat.crouchOneCm":3670,"stat.useItem.minecraft.chest":5,"stat.useItem.minecraft.diamond_pickaxe":12,"stat.useItem.minecraft.iron_bars":109,"stat.useItem.minecraft.wooden_door":3445,"achievement.openInventory":103,"stat.damageDealt":2645,"stat.useItem.minecraft.sticky_piston":9,"stat.useItem.minecraft.obsidian":42,"achievement.exploreAllBiomes":{"value":0,"progress":["Plains","Hell"]},"stat.useItem.minecraft.iron_block":3416,"stat.flyOneCm":6151789,"stat.useItem.minecraft.diamond_sword":14,"stat.useItem.minecraft.dispenser":7,"stat.useItem.minecraft.flint_and_steel":3,"stat.useItem.minecraft.redstone":21,"stat.drop":73,"stat.damageTaken":2147483645,"stat.useItem.minecraft.torch":289,"stat.useItem.minecraft.hopper":49,"stat.mineBlock.minecraft.obsidian":11,"stat.useItem.minecraft.diamond_block":72,"stat.useItem.minecraft.repeater":7,"stat.useItem.minecraft.stone_pressure_plate":15,"stat.leaveGame":91,"stat.useItem.minecraft.comparator":10,"stat.useItem.minecraft.glowstone":147,"stat.useItem.minecraft.glass":938,"stat.killEntity.Villager":7,"stat.mineBlock.minecraft.stone_slab":1,"stat.useItem.minecraft.stone_slab":3068,"stat.timeSinceDeath":45353,"stat.playOneMinute":1598398,"stat.useItem.minecraft.redstone_torch":5,"stat.useItem.minecraft.pumpkin":1,"stat.deaths":3,"stat.jump":189,"stat.useItem.minecraft.carpet":7,"stat.swimOneCm":79691,"stat.useItem.minecraft.piston":16,"stat.mobKills":7,"stat.useItem.minecraft.spawn_egg":73,"stat.useItem.minecraft.bucket":244,"stat.walkOneCm":207361,"stat.useItem.minecraft.sign":11,"stat.sprintOneCm":5381}