{"stat.useItem.minecraft.glass":40,"stat.walkOneCm":3631,"stat.useItem.minecraft.sticky_piston":62,"stat.useItem.minecraft.quartz_block":76,"stat.useItem.minecraft.lever":2,"stat.useItem.minecraft.redstone_lamp":121,"achievement.openInventory":33,"stat.useItem.minecraft.repeater":3,"stat.useItem.minecraft.barrier":1,"stat.leaveGame":1,"stat.useItem.minecraft.wooden_button":1,"stat.flyOneCm":529015,"stat.drop":76,"stat.jump":17,"stat.playOneMinute":144820,"stat.useItem.minecraft.redstone_block":53,"stat.useItem.minecraft.redstone":45,"stat.useItem.minecraft.piston":3,"stat.useItem.minecraft.wool":31,"stat.crouchOneCm":329,"stat.timeSinceDeath":144820,"stat.useItem.minecraft.redstone_torch":2,"stat.useItem.minecraft.obsidian":4,"stat.sprintOneCm":782,"achievement.exploreAllBiomes":{"value":0,"progress":["Desert"]}}