{"stat.useItem.minecraft.command_block":2,"stat.walkOneCm":28583,"stat.useItem.minecraft.sticky_piston":101,"stat.useItem.minecraft.quartz_block":524,"stat.useItem.minecraft.lever":10,"stat.useItem.minecraft.repeater":26,"stat.leaveGame":9,"stat.useItem.minecraft.comparator":6,"stat.jump":262,"stat.useItem.minecraft.redstone_block":30,"stat.useItem.minecraft.redstone":106,"stat.useItem.minecraft.piston":6,"stat.crouchOneCm":5164,"stat.useItem.minecraft.redstone_torch":17,"stat.useItem.minecraft.obsidian":1,"stat.useItem.minecraft.stone_button":2,"stat.sprintOneCm":6294,"achievement.exploreAllBiomes":{"value":0,"progress":["Desert"]},"stat.useItem.minecraft.glass":165,"stat.useItem.minecraft.stone_slab":3,"achievement.openInventory":123,"stat.useItem.minecraft.barrier":11,"stat.useItem.minecraft.wooden_button":1,"stat.useItem.minecraft.daylight_detector":1,"stat.flyOneCm":617565,"stat.drop":5,"stat.playOneMinute":709877,"stat.useItem.minecraft.wool":167,"stat.timeSinceDeath":709877}